,K16953,K17486
kofamscan/ko_tables/DMSP/GCF_000210915.2.csv,0,0
kofamscan/ko_tables/DMSP/GCF_000590925.1.csv,0,1
kofamscan/ko_tables/DMSP/GCF_001044335.1.csv,0,0
kofamscan/ko_tables/DMSP/GCF_000015645.1.csv,0,0
kofamscan/ko_tables/DMSP/GCF_000485905.1.csv,0,0
kofamscan/ko_tables/DMSP/GCF_000018285.1.csv,0,0
kofamscan/ko_tables/DMSP/GCF_000063525.1.csv,0,0
kofamscan/ko_tables/DMSP/GCF_003290325.1.csv,0,0
kofamscan/ko_tables/DMSP/GCF_003569745.1.csv,0,0
kofamscan/ko_tables/DMSP/GCF_002211785.1.csv,0,0
kofamscan/ko_tables/DMSP/GCF_000018365.1.csv,0,0
kofamscan/ko_tables/DMSP/GCF_000520135.2.csv,0,0
kofamscan/ko_tables/DMSP/GCF_001941625.1.csv,0,0
kofamscan/ko_tables/DMSP/GCF_000195975.1.csv,0,0
kofamscan/ko_tables/DMSP/GCF_001991055.1.csv,0,0
kofamscan/ko_tables/DMSP/GCF_002214265.1.csv,0,0
kofamscan/ko_tables/DMSP/GCF_000750535.1.csv,0,0
kofamscan/ko_tables/DMSP/GCF_000017325.1.csv,0,0
kofamscan/ko_tables/DMSP/GCF_000014225.1.csv,0,0
kofamscan/ko_tables/DMSP/GCF_002891985.1.csv,0,0
kofamscan/ko_tables/DMSP/GCF_001266795.1.csv,0,0
kofamscan/ko_tables/DMSP/GCF_003443635.1.csv,0,0
kofamscan/ko_tables/DMSP/GCF_000978555.1.csv,0,0
kofamscan/ko_tables/DMSP/GCF_001932915.1.csv,0,0
kofamscan/ko_tables/DMSP/GCF_000355675.1.csv,0,0
kofamscan/ko_tables/DMSP/GCF_000981565.1.csv,0,0
kofamscan/ko_tables/DMSP/GCF_000185805.1.csv,0,0
kofamscan/ko_tables/DMSP/GCF_900106075.1.csv,0,0
kofamscan/ko_tables/DMSP/GCF_000007305.1.csv,0,0
kofamscan/ko_tables/DMSP/GCF_000020365.1.csv,0,0
kofamscan/ko_tables/DMSP/GCF_001433455.1.csv,0,0
kofamscan/ko_tables/DMSP/GCF_000017185.1.csv,0,0
kofamscan/ko_tables/DMSP/GCF_000970005.1.csv,0,0
kofamscan/ko_tables/DMSP/GCF_000014665.1.csv,0,0
kofamscan/ko_tables/DMSP/GCF_003355455.1.csv,0,0
kofamscan/ko_tables/DMSP/GCF_003330945.1.csv,0,0
kofamscan/ko_tables/DMSP/GCF_000153405.2.csv,0,0
kofamscan/ko_tables/DMSP/GCF_000300005.1.csv,0,0
kofamscan/ko_tables/DMSP/GCF_900105995.1.csv,0,0
kofamscan/ko_tables/DMSP/GCF_004014695.1.csv,0,0
kofamscan/ko_tables/DMSP/GCF_002844375.1.csv,0,0
kofamscan/ko_tables/DMSP/GCF_003719615.1.csv,0,0
kofamscan/ko_tables/DMSP/GCF_002381305.1.csv,0,0
kofamscan/ko_tables/DMSP/GCF_001444365.1.csv,0,0
kofamscan/ko_tables/DMSP/GCF_900091425.1.csv,0,0
kofamscan/ko_tables/DMSP/GCF_001886815.1.csv,0,0
kofamscan/ko_tables/DMSP/GCF_001046955.1.csv,0,1
kofamscan/ko_tables/DMSP/GCF_000503895.1.csv,0,0
kofamscan/ko_tables/DMSP/GCF_003991135.1.csv,0,0
kofamscan/ko_tables/DMSP/GCF_000833025.1.csv,0,0
kofamscan/ko_tables/DMSP/GCF_002954615.1.csv,0,0
kofamscan/ko_tables/DMSP/GCF_000013605.1.csv,0,0
kofamscan/ko_tables/DMSP/GCF_001889025.1.csv,0,0
kofamscan/ko_tables/DMSP/GCF_000756615.1.csv,0,0
kofamscan/ko_tables/DMSP/GCF_000214415.1.csv,0,0
kofamscan/ko_tables/DMSP/GCF_000953735.1.csv,0,0
kofamscan/ko_tables/DMSP/GCF_003352065.1.csv,0,1
kofamscan/ko_tables/DMSP/GCF_003687485.1.csv,0,0
kofamscan/ko_tables/DMSP/GCF_002119765.1.csv,0,0
kofamscan/ko_tables/DMSP/GCF_900105105.1.csv,0,0
kofamscan/ko_tables/DMSP/GCF_001680085.1.csv,0,0
kofamscan/ko_tables/DMSP/GCF_001465835.2.csv,0,0
kofamscan/ko_tables/DMSP/GCF_003076275.1.csv,0,0
kofamscan/ko_tables/DMSP/GCF_000195085.1.csv,0,0
kofamscan/ko_tables/DMSP/GCF_003269425.1.csv,0,0
kofamscan/ko_tables/DMSP/GCF_000739395.1.csv,0,0
kofamscan/ko_tables/DMSP/GCF_001889045.1.csv,0,0
kofamscan/ko_tables/DMSP/GCF_003008555.1.csv,0,0
kofamscan/ko_tables/DMSP/GCF_002072815.1.csv,0,0
kofamscan/ko_tables/DMSP/GCF_000017845.1.csv,0,0
kofamscan/ko_tables/DMSP/GCF_002442495.2.csv,0,0
kofamscan/ko_tables/DMSP/GCF_001281485.1.csv,0,0
kofamscan/ko_tables/DMSP/GCF_900636325.1.csv,0,0
kofamscan/ko_tables/DMSP/GCF_003410355.1.csv,0,0
kofamscan/ko_tables/DMSP/GCF_000265525.1.csv,0,0
kofamscan/ko_tables/DMSP/GCF_002097535.1.csv,0,0
kofamscan/ko_tables/DMSP/GCF_000213825.1.csv,0,0
kofamscan/ko_tables/DMSP/GCF_000011105.1.csv,0,0
kofamscan/ko_tables/DMSP/GCF_001999945.1.csv,0,0
kofamscan/ko_tables/DMSP/GCF_002215585.1.csv,0,0
kofamscan/ko_tables/DMSP/GCF_003856835.1.csv,0,0
kofamscan/ko_tables/DMSP/GCF_001887055.1.csv,0,0
kofamscan/ko_tables/DMSP/GCF_003209315.1.csv,0,0
kofamscan/ko_tables/DMSP/GCF_000300175.1.csv,0,0
kofamscan/ko_tables/DMSP/GCF_003850185.1.csv,0,0
kofamscan/ko_tables/DMSP/GCF_000211855.2.csv,0,0
kofamscan/ko_tables/DMSP/GCF_000801295.1.csv,0,0
kofamscan/ko_tables/DMSP/GCF_000024625.1.csv,0,0
kofamscan/ko_tables/DMSP/GCF_000511355.1.csv,0,1
kofamscan/ko_tables/DMSP/GCF_000007225.1.csv,0,0
kofamscan/ko_tables/DMSP/GCF_001693615.1.csv,0,0
kofamscan/ko_tables/DMSP/GCF_000025505.1.csv,0,0
kofamscan/ko_tables/DMSP/GCF_002892045.1.csv,0,0
kofamscan/ko_tables/DMSP/GCF_002310335.1.csv,0,0
kofamscan/ko_tables/DMSP/GCF_000828475.1.csv,0,0
kofamscan/ko_tables/DMSP/GCF_003516165.1.csv,0,0
kofamscan/ko_tables/DMSP/GCF_000023325.1.csv,0,0
kofamscan/ko_tables/DMSP/GCF_000307105.1.csv,0,0
kofamscan/ko_tables/DMSP/GCF_002813655.1.csv,0,0
kofamscan/ko_tables/DMSP/GCF_000018065.1.csv,0,0
kofamscan/ko_tables/DMSP/GCF_000172995.2.csv,0,0
kofamscan/ko_tables/DMSP/GCF_001412615.1.csv,0,0
kofamscan/ko_tables/DMSP/GCF_003074055.1.csv,0,0
kofamscan/ko_tables/DMSP/GCF_000241385.1.csv,0,0
kofamscan/ko_tables/DMSP/GCF_003491405.1.csv,0,0
kofamscan/ko_tables/DMSP/GCF_003290445.1.csv,0,0
kofamscan/ko_tables/DMSP/GCF_000017225.1.csv,0,0
kofamscan/ko_tables/DMSP/GCF_000510265.1.csv,0,0
kofamscan/ko_tables/DMSP/GCF_002355635.1.csv,0,0
kofamscan/ko_tables/DMSP/GCF_000327045.1.csv,0,0
kofamscan/ko_tables/DMSP/GCF_001932595.1.csv,0,0
kofamscan/ko_tables/DMSP/GCF_002795865.1.csv,0,0
kofamscan/ko_tables/DMSP/GCF_000013985.1.csv,0,0
kofamscan/ko_tables/DMSP/GCF_003410315.1.csv,0,0
kofamscan/ko_tables/DMSP/GCF_000025525.1.csv,0,0
kofamscan/ko_tables/DMSP/GCF_000212675.2.csv,0,0
kofamscan/ko_tables/DMSP/GCF_001687625.2.csv,0,0
kofamscan/ko_tables/DMSP/GCF_002891965.1.csv,0,0
kofamscan/ko_tables/DMSP/GCF_000331025.1.csv,0,0
kofamscan/ko_tables/DMSP/GCF_000764555.1.csv,0,0
kofamscan/ko_tables/DMSP/GCF_003671915.1.csv,0,0
kofamscan/ko_tables/DMSP/GCF_003584645.1.csv,0,0
kofamscan/ko_tables/DMSP/GCF_000023925.1.csv,0,0
kofamscan/ko_tables/DMSP/GCF_900198835.1.csv,0,0
kofamscan/ko_tables/DMSP/GCF_000144645.1.csv,0,0
kofamscan/ko_tables/DMSP/GCF_001040845.1.csv,0,0
kofamscan/ko_tables/DMSP/GCF_000831185.1.csv,0,0
kofamscan/ko_tables/DMSP/GCF_002412025.1.csv,0,0
kofamscan/ko_tables/DMSP/GCF_000014045.1.csv,0,1
kofamscan/ko_tables/DMSP/GCF_001687605.2.csv,0,0
kofamscan/ko_tables/DMSP/GCF_002795845.1.csv,0,0
kofamscan/ko_tables/DMSP/GCF_003325495.1.csv,0,0
kofamscan/ko_tables/DMSP/GCF_002356295.1.csv,0,0
kofamscan/ko_tables/DMSP/GCF_002149085.1.csv,0,0
kofamscan/ko_tables/DMSP/GCF_002906475.1.csv,0,0
kofamscan/ko_tables/DMSP/GCF_001281385.1.csv,0,0
kofamscan/ko_tables/DMSP/GCF_000209655.1.csv,0,0
kofamscan/ko_tables/DMSP/GCF_000815145.1.csv,0,0
kofamscan/ko_tables/DMSP/GCF_001932675.1.csv,0,0
kofamscan/ko_tables/DMSP/GCF_000011585.1.csv,0,0
kofamscan/ko_tables/DMSP/GCF_001708405.1.csv,0,0
kofamscan/ko_tables/DMSP/GCF_002240205.1.csv,0,0
kofamscan/ko_tables/DMSP/GCF_003024155.1.csv,0,0
kofamscan/ko_tables/DMSP/GCF_001293165.1.csv,0,0
kofamscan/ko_tables/DMSP/GCF_002813675.1.csv,0,0
kofamscan/ko_tables/DMSP/GCF_003443555.1.csv,0,0
kofamscan/ko_tables/DMSP/GCF_003716855.1.csv,0,0
kofamscan/ko_tables/DMSP/GCF_000186245.1.csv,0,0
kofamscan/ko_tables/DMSP/GCF_000009785.1.csv,0,0
kofamscan/ko_tables/DMSP/GCF_000092465.1.csv,0,0
kofamscan/ko_tables/DMSP/GCF_000355805.1.csv,0,0
kofamscan/ko_tables/DMSP/GCF_000015365.1.csv,0,0
kofamscan/ko_tables/DMSP/GCF_003711265.1.csv,0,0
kofamscan/ko_tables/DMSP/GCF_000010985.1.csv,0,0
kofamscan/ko_tables/DMSP/GCF_001663155.1.csv,0,0
kofamscan/ko_tables/DMSP/GCF_000236645.1.csv,0,0
kofamscan/ko_tables/DMSP/GCF_000025945.1.csv,0,0
kofamscan/ko_tables/DMSP/GCF_002009175.1.csv,0,0
kofamscan/ko_tables/DMSP/GCF_000218625.1.csv,0,0
kofamscan/ko_tables/DMSP/GCF_003491185.1.csv,0,0
kofamscan/ko_tables/DMSP/GCF_001941525.1.csv,0,0
kofamscan/ko_tables/DMSP/GCF_002776575.1.csv,0,0
kofamscan/ko_tables/DMSP/GCF_002443175.1.csv,0,0
kofamscan/ko_tables/DMSP/GCF_000015185.1.csv,0,0
kofamscan/ko_tables/DMSP/GCF_000023445.1.csv,0,0
kofamscan/ko_tables/DMSP/GCF_002356215.1.csv,0,0
kofamscan/ko_tables/DMSP/GCF_000316665.1.csv,0,0
kofamscan/ko_tables/DMSP/GCF_002310815.1.csv,0,0
kofamscan/ko_tables/DMSP/GCF_000789255.1.csv,0,0
kofamscan/ko_tables/DMSP/GCF_001647085.1.csv,0,0
kofamscan/ko_tables/DMSP/GCF_001941565.1.csv,0,0
kofamscan/ko_tables/DMSP/GCF_002157205.1.csv,0,0
kofamscan/ko_tables/DMSP/GCF_000439575.1.csv,0,0
kofamscan/ko_tables/DMSP/GCF_002374815.1.csv,0,0
kofamscan/ko_tables/DMSP/GCF_002831625.1.csv,0,0
kofamscan/ko_tables/DMSP/GCF_003443675.1.csv,0,0
kofamscan/ko_tables/DMSP/GCF_000018945.1.csv,0,0
kofamscan/ko_tables/DMSP/GCF_001761385.1.csv,0,0
kofamscan/ko_tables/DMSP/GCF_001932775.1.csv,0,0
kofamscan/ko_tables/DMSP/GCF_000019485.1.csv,0,0
kofamscan/ko_tables/DMSP/GCF_001460935.1.csv,0,0
kofamscan/ko_tables/DMSP/GCF_000284115.1.csv,0,0
kofamscan/ko_tables/DMSP/GCF_002968395.1.csv,0,0
kofamscan/ko_tables/DMSP/GCF_001999225.1.csv,0,0
kofamscan/ko_tables/DMSP/GCF_000831005.1.csv,0,0
kofamscan/ko_tables/DMSP/GCF_003855395.1.csv,0,0
kofamscan/ko_tables/DMSP/GCF_000305785.2.csv,0,0
kofamscan/ko_tables/DMSP/GCF_000015105.1.csv,0,0
kofamscan/ko_tables/DMSP/GCF_002804065.1.csv,0,0
kofamscan/ko_tables/DMSP/GCF_000317065.1.csv,0,0
kofamscan/ko_tables/DMSP/GCF_003352465.1.csv,0,0
kofamscan/ko_tables/DMSP/GCF_000014265.1.csv,0,0
kofamscan/ko_tables/DMSP/GCF_000211475.1.csv,0,0
kofamscan/ko_tables/DMSP/GCF_000830985.1.csv,1,0
kofamscan/ko_tables/DMSP/GCF_000196255.1.csv,0,0
kofamscan/ko_tables/DMSP/GCF_000442645.1.csv,0,0
kofamscan/ko_tables/DMSP/GCF_002906455.1.csv,0,0
kofamscan/ko_tables/DMSP/GCF_001941345.1.csv,0,0
kofamscan/ko_tables/DMSP/GCF_001735715.1.csv,0,0
kofamscan/ko_tables/DMSP/GCF_000221185.1.csv,0,0
kofamscan/ko_tables/DMSP/GCF_002215135.1.csv,0,0
kofamscan/ko_tables/DMSP/GCF_002214305.1.csv,0,0
kofamscan/ko_tables/DMSP/GCF_900198195.1.csv,0,0
kofamscan/ko_tables/DMSP/GCF_003344925.1.csv,0,0
kofamscan/ko_tables/DMSP/GCF_001889005.1.csv,0,0
kofamscan/ko_tables/DMSP/GCF_000978575.1.csv,0,0
kofamscan/ko_tables/DMSP/GCF_000767465.1.csv,0,0
kofamscan/ko_tables/DMSP/GCF_000196495.1.csv,0,0
kofamscan/ko_tables/DMSP/GCF_001435295.1.csv,0,0
kofamscan/ko_tables/DMSP/GCF_000390265.1.csv,0,0
kofamscan/ko_tables/DMSP/GCF_002237615.1.csv,0,0
kofamscan/ko_tables/DMSP/GCF_000265505.1.csv,0,0
kofamscan/ko_tables/DMSP/GCF_000340565.2.csv,0,0
kofamscan/ko_tables/DMSP/GCF_003443735.1.csv,0,0
kofamscan/ko_tables/DMSP/GCF_002082175.1.csv,0,0
kofamscan/ko_tables/DMSP/GCF_000026085.1.csv,0,0
kofamscan/ko_tables/DMSP/GCF_000212355.1.csv,0,0
kofamscan/ko_tables/DMSP/GCF_001435845.1.csv,0,0
kofamscan/ko_tables/DMSP/GCF_000012645.1.csv,0,0
kofamscan/ko_tables/DMSP/GCF_002892125.1.csv,0,0
kofamscan/ko_tables/DMSP/GCF_001444405.1.csv,0,0
kofamscan/ko_tables/DMSP/GCF_001514395.1.csv,0,0
kofamscan/ko_tables/DMSP/GCF_000236705.1.csv,0,0
kofamscan/ko_tables/DMSP/GCF_002119545.1.csv,0,0
kofamscan/ko_tables/DMSP/GCF_000723205.1.csv,0,0
kofamscan/ko_tables/DMSP/GCF_001043175.1.csv,0,0
kofamscan/ko_tables/DMSP/GCF_003986605.1.csv,0,0
kofamscan/ko_tables/DMSP/GCF_000010345.1.csv,0,0
kofamscan/ko_tables/DMSP/GCF_001956755.1.csv,0,0
kofamscan/ko_tables/DMSP/GCF_000021725.1.csv,0,0
kofamscan/ko_tables/DMSP/GCF_000090405.2.csv,0,0
kofamscan/ko_tables/DMSP/GCF_000017165.1.csv,0,0
kofamscan/ko_tables/DMSP/GCF_002892085.1.csv,0,0
kofamscan/ko_tables/DMSP/GCF_000014065.1.csv,0,1
kofamscan/ko_tables/DMSP/GCF_000091665.1.csv,0,0
kofamscan/ko_tables/DMSP/GCF_001017655.1.csv,0,0
kofamscan/ko_tables/DMSP/GCF_000015685.1.csv,0,0
kofamscan/ko_tables/DMSP/GCF_001886395.1.csv,0,0
kofamscan/ko_tables/DMSP/GCF_002688545.1.csv,0,0
kofamscan/ko_tables/DMSP/GCF_002237535.1.csv,0,0
kofamscan/ko_tables/DMSP/GCF_003312585.1.csv,0,0
kofamscan/ko_tables/DMSP/GCF_002142655.1.csv,0,0
kofamscan/ko_tables/DMSP/GCF_003443615.1.csv,0,0
kofamscan/ko_tables/DMSP/GCF_003443775.1.csv,0,0
kofamscan/ko_tables/DMSP/GCF_001687065.1.csv,0,0
kofamscan/ko_tables/DMSP/GCF_001747425.1.csv,0,0
kofamscan/ko_tables/DMSP/GCF_001677275.1.csv,0,0
kofamscan/ko_tables/DMSP/GCF_900574125.1.csv,0,1
kofamscan/ko_tables/DMSP/GCF_003047225.1.csv,0,0
kofamscan/ko_tables/DMSP/GCF_003491425.1.csv,0,0
kofamscan/ko_tables/DMSP/GCF_002287545.1.csv,0,0
kofamscan/ko_tables/DMSP/GCF_002221525.1.csv,0,0
kofamscan/ko_tables/DMSP/GCF_003031205.1.csv,0,0
kofamscan/ko_tables/DMSP/GCF_000691605.1.csv,0,0
kofamscan/ko_tables/DMSP/GCF_000214665.1.csv,0,0
kofamscan/ko_tables/DMSP/GCF_000981765.1.csv,0,0
kofamscan/ko_tables/DMSP/GCF_003970715.1.csv,0,0
kofamscan/ko_tables/DMSP/GCF_001941645.1.csv,0,0
kofamscan/ko_tables/DMSP/GCF_003515105.1.csv,0,0
kofamscan/ko_tables/DMSP/GCF_003342695.1.csv,0,0
kofamscan/ko_tables/DMSP/GCF_000017285.1.csv,0,0
kofamscan/ko_tables/DMSP/GCF_001854405.1.csv,0,0
kofamscan/ko_tables/DMSP/GCF_001420915.1.csv,0,0
kofamscan/ko_tables/DMSP/GCF_003429305.1.csv,0,0
kofamscan/ko_tables/DMSP/GCF_000757865.1.csv,0,0
kofamscan/ko_tables/DMSP/GCF_000253255.1.csv,0,0
kofamscan/ko_tables/DMSP/GCF_001932935.1.csv,0,0
kofamscan/ko_tables/DMSP/GCF_000023985.1.csv,0,0
kofamscan/ko_tables/DMSP/GCF_900188315.1.csv,0,0
kofamscan/ko_tables/DMSP/GCF_000014705.1.csv,0,0
kofamscan/ko_tables/DMSP/GCF_003516185.1.csv,0,0
kofamscan/ko_tables/DMSP/GCF_002886045.1.csv,0,0
kofamscan/ko_tables/DMSP/GCF_000016165.1.csv,0,0
kofamscan/ko_tables/DMSP/GCF_000582555.1.csv,0,0
kofamscan/ko_tables/DMSP/GCF_002368095.1.csv,0,0
kofamscan/ko_tables/DMSP/GCF_003111685.1.csv,0,0
kofamscan/ko_tables/DMSP/GCF_003950215.1.csv,0,0
kofamscan/ko_tables/DMSP/GCF_003332325.1.csv,0,0
kofamscan/ko_tables/DMSP/GCF_001678945.1.csv,1,1
kofamscan/ko_tables/DMSP/GCF_000020865.1.csv,0,0
kofamscan/ko_tables/DMSP/GCF_000154785.2.csv,0,1
kofamscan/ko_tables/DMSP/GCF_003433515.1.csv,0,0
kofamscan/ko_tables/DMSP/GCF_003352105.1.csv,1,0
kofamscan/ko_tables/DMSP/GCF_000013025.1.csv,0,0
kofamscan/ko_tables/DMSP/GCF_000816785.1.csv,0,0
kofamscan/ko_tables/DMSP/GCF_001305615.1.csv,0,0
kofamscan/ko_tables/DMSP/GCF_001007875.1.csv,0,0
kofamscan/ko_tables/DMSP/GCF_000153165.2.csv,0,0
kofamscan/ko_tables/DMSP/GCF_000010325.1.csv,0,0
kofamscan/ko_tables/DMSP/GCF_003326015.1.csv,0,0
kofamscan/ko_tables/DMSP/GCF_000018585.1.csv,0,0
kofamscan/ko_tables/DMSP/GCF_003072645.1.csv,0,0
kofamscan/ko_tables/DMSP/GCF_000786425.1.csv,0,0
kofamscan/ko_tables/DMSP/GCF_000013765.1.csv,0,0
kofamscan/ko_tables/DMSP/GCF_000012985.1.csv,0,0
kofamscan/ko_tables/DMSP/GCF_000590795.1.csv,0,0
kofamscan/ko_tables/DMSP/GCF_001969365.1.csv,1,1
kofamscan/ko_tables/DMSP/GCF_000978535.1.csv,0,0
kofamscan/ko_tables/DMSP/GCF_000014865.1.csv,0,0
kofamscan/ko_tables/DMSP/GCF_001433715.1.csv,0,0
kofamscan/ko_tables/DMSP/GCF_000834395.1.csv,0,0
kofamscan/ko_tables/DMSP/GCF_001854205.1.csv,0,0
kofamscan/ko_tables/DMSP/GCF_000195935.2.csv,0,0
kofamscan/ko_tables/DMSP/GCF_002192415.1.csv,0,0
kofamscan/ko_tables/DMSP/GCF_000196655.1.csv,0,0
kofamscan/ko_tables/DMSP/GCF_001700835.1.csv,0,0
kofamscan/ko_tables/DMSP/GCF_000012465.1.csv,0,0
kofamscan/ko_tables/DMSP/GCF_003352045.1.csv,0,1
kofamscan/ko_tables/DMSP/GCF_003966975.1.csv,0,0
kofamscan/ko_tables/DMSP/GCF_002504285.1.csv,0,0
kofamscan/ko_tables/DMSP/GCF_001027025.1.csv,0,0
kofamscan/ko_tables/DMSP/GCF_001693335.1.csv,0,0
kofamscan/ko_tables/DMSP/GCF_003063625.1.csv,0,0
kofamscan/ko_tables/DMSP/GCF_003443695.1.csv,0,0
kofamscan/ko_tables/DMSP/GCF_000223905.1.csv,0,0
kofamscan/ko_tables/DMSP/GCF_900104375.1.csv,0,0
kofamscan/ko_tables/DMSP/GCF_900101765.1.csv,0,0
kofamscan/ko_tables/DMSP/GCF_002005305.1.csv,0,0
kofamscan/ko_tables/DMSP/GCF_004006315.1.csv,0,0
kofamscan/ko_tables/DMSP/GCF_001932875.1.csv,0,0
kofamscan/ko_tables/DMSP/GCF_000016905.1.csv,0,0
kofamscan/ko_tables/DMSP/GCF_001632805.1.csv,0,0
kofamscan/ko_tables/DMSP/GCF_900104765.1.csv,0,0
kofamscan/ko_tables/DMSP/GCF_900476435.1.csv,0,0
kofamscan/ko_tables/DMSP/GCF_002021755.1.csv,0,0
kofamscan/ko_tables/DMSP/GCF_000016425.1.csv,0,0
kofamscan/ko_tables/DMSP/GCF_000024805.1.csv,0,0
kofamscan/ko_tables/DMSP/GCF_002906575.1.csv,0,0
kofamscan/ko_tables/DMSP/GCF_000016065.1.csv,0,0
kofamscan/ko_tables/DMSP/GCF_000143085.1.csv,0,0
kofamscan/ko_tables/DMSP/GCF_000154745.2.csv,0,0
kofamscan/ko_tables/DMSP/GCF_002892005.1.csv,0,0
kofamscan/ko_tables/DMSP/GCF_000230655.2.csv,0,0
kofamscan/ko_tables/DMSP/GCF_000019625.1.csv,0,0
kofamscan/ko_tables/DMSP/GCF_003352085.1.csv,0,1
kofamscan/ko_tables/DMSP/GCF_900108535.1.csv,0,0
kofamscan/ko_tables/DMSP/GCF_002149105.1.csv,0,0
kofamscan/ko_tables/DMSP/GCF_000196875.2.csv,0,0
kofamscan/ko_tables/DMSP/GCF_000267545.1.csv,0,0
kofamscan/ko_tables/DMSP/GCF_001697185.1.csv,0,0
kofamscan/ko_tables/DMSP/GCF_000215895.1.csv,0,0
kofamscan/ko_tables/DMSP/GCF_000750195.1.csv,0,0
kofamscan/ko_tables/DMSP/GCF_001886735.1.csv,1,0
kofamscan/ko_tables/DMSP/GCF_001028705.1.csv,0,0
kofamscan/ko_tables/DMSP/GCF_000025125.1.csv,0,0
kofamscan/ko_tables/DMSP/GCF_001028625.1.csv,0,0
kofamscan/ko_tables/DMSP/GCF_002117125.1.csv,0,0
kofamscan/ko_tables/DMSP/GCF_900538275.1.csv,0,0
kofamscan/ko_tables/DMSP/GCF_002009425.1.csv,0,0
kofamscan/ko_tables/DMSP/GCF_000746665.1.csv,0,0
kofamscan/ko_tables/DMSP/GCF_000732905.1.csv,0,0
kofamscan/ko_tables/DMSP/GCF_003846425.1.csv,1,0
kofamscan/ko_tables/DMSP/GCF_000590815.1.csv,0,0
kofamscan/ko_tables/DMSP/GCF_000511385.1.csv,0,0
kofamscan/ko_tables/DMSP/GCF_000971685.2.csv,0,0
kofamscan/ko_tables/DMSP/GCF_000009185.1.csv,0,0
kofamscan/ko_tables/DMSP/GCF_000184345.1.csv,0,0
kofamscan/ko_tables/DMSP/GCF_001717465.1.csv,0,0
kofamscan/ko_tables/DMSP/GCF_001648195.1.csv,0,0
kofamscan/ko_tables/DMSP/GCF_001682295.1.csv,0,0
kofamscan/ko_tables/DMSP/GCF_003085735.1.csv,0,0
kofamscan/ko_tables/DMSP/GCF_003611275.1.csv,0,1
kofamscan/ko_tables/DMSP/GCF_000017945.1.csv,0,0
kofamscan/ko_tables/DMSP/GCF_002073995.1.csv,0,0
kofamscan/ko_tables/DMSP/GCF_002237425.1.csv,0,0
kofamscan/ko_tables/DMSP/GCF_003722215.1.csv,0,0
kofamscan/ko_tables/DMSP/GCF_900105005.1.csv,0,0
kofamscan/ko_tables/DMSP/GCF_002356335.1.csv,0,0
kofamscan/ko_tables/DMSP/GCF_001889165.1.csv,0,0
kofamscan/ko_tables/DMSP/GCF_000632985.1.csv,0,0
kofamscan/ko_tables/DMSP/GCF_000266905.1.csv,0,0
kofamscan/ko_tables/DMSP/GCF_000626635.1.csv,0,0
kofamscan/ko_tables/DMSP/GCF_002900385.1.csv,0,0
kofamscan/ko_tables/DMSP/GCF_003258315.1.csv,0,0
kofamscan/ko_tables/DMSP/GCF_001685415.1.csv,0,0
kofamscan/ko_tables/DMSP/GCF_003258705.1.csv,0,0
kofamscan/ko_tables/DMSP/GCF_000024085.1.csv,0,0
kofamscan/ko_tables/DMSP/GCF_001854065.1.csv,0,0
kofamscan/ko_tables/DMSP/GCF_001746795.1.csv,0,0
kofamscan/ko_tables/DMSP/GCF_000161795.2.csv,0,0
kofamscan/ko_tables/DMSP/GCF_001430865.1.csv,0,0
kofamscan/ko_tables/DMSP/GCF_002162375.1.csv,0,0
kofamscan/ko_tables/DMSP/GCF_000023025.1.csv,0,0
kofamscan/ko_tables/DMSP/GCF_001050135.1.csv,0,0
kofamscan/ko_tables/DMSP/GCF_000347635.1.csv,0,0
kofamscan/ko_tables/DMSP/GCF_000934525.1.csv,0,0
kofamscan/ko_tables/DMSP/GCF_000953695.1.csv,0,0
kofamscan/ko_tables/DMSP/GCF_000341895.1.csv,0,0
kofamscan/ko_tables/DMSP/GCF_001044375.1.csv,0,0
kofamscan/ko_tables/DMSP/GCF_001469735.1.csv,0,0
kofamscan/ko_tables/DMSP/GCF_002119525.1.csv,0,0
kofamscan/ko_tables/DMSP/GCF_001011035.1.csv,0,0
kofamscan/ko_tables/DMSP/GCF_000568495.1.csv,0,0
kofamscan/ko_tables/DMSP/GCF_002163795.1.csv,0,0
kofamscan/ko_tables/DMSP/GCF_002892185.1.csv,0,0
kofamscan/ko_tables/DMSP/GCF_000092305.1.csv,0,0
kofamscan/ko_tables/DMSP/GCF_000147355.1.csv,0,0
kofamscan/ko_tables/DMSP/GCF_003391375.1.csv,0,0
kofamscan/ko_tables/DMSP/GCF_003233695.1.csv,0,0
kofamscan/ko_tables/DMSP/GCF_000179575.2.csv,0,0
kofamscan/ko_tables/DMSP/GCF_003344885.1.csv,0,0
kofamscan/ko_tables/DMSP/GCF_000008545.1.csv,0,0
kofamscan/ko_tables/DMSP/GCF_002892265.1.csv,0,0
kofamscan/ko_tables/DMSP/GCF_001886435.1.csv,0,0
kofamscan/ko_tables/DMSP/GCF_003325475.1.csv,0,0
kofamscan/ko_tables/DMSP/GCF_002208135.1.csv,0,0
kofamscan/ko_tables/DMSP/GCF_002381285.1.csv,0,0
kofamscan/ko_tables/DMSP/GCF_001761365.1.csv,0,0
kofamscan/ko_tables/DMSP/GCF_002888685.1.csv,0,1
kofamscan/ko_tables/DMSP/GCF_000006175.1.csv,0,0
kofamscan/ko_tables/DMSP/GCF_003970735.1.csv,0,0
kofamscan/ko_tables/DMSP/GCF_000021665.1.csv,0,0
kofamscan/ko_tables/DMSP/GCF_003691545.1.csv,0,0
kofamscan/ko_tables/DMSP/GCF_002892225.1.csv,0,0
kofamscan/ko_tables/DMSP/GCF_000014745.1.csv,0,0
kofamscan/ko_tables/DMSP/GCF_002741725.1.csv,0,0
kofamscan/ko_tables/DMSP/GCF_002966125.1.csv,0,0
kofamscan/ko_tables/DMSP/GCF_000470655.1.csv,0,0
kofamscan/ko_tables/DMSP/GCF_000219105.1.csv,0,0
kofamscan/ko_tables/DMSP/GCF_000010105.1.csv,0,0
kofamscan/ko_tables/DMSP/GCF_000220645.1.csv,0,0
kofamscan/ko_tables/DMSP/GCF_001011155.1.csv,0,1
kofamscan/ko_tables/DMSP/GCF_003097515.1.csv,0,0
kofamscan/ko_tables/DMSP/GCF_002157225.2.csv,0,0
kofamscan/ko_tables/DMSP/GCF_000023465.1.csv,0,0
kofamscan/ko_tables/DMSP/GCF_000772105.1.csv,0,0
kofamscan/ko_tables/DMSP/GCF_900105445.1.csv,0,0
kofamscan/ko_tables/DMSP/GCF_002501585.1.csv,0,0
kofamscan/ko_tables/DMSP/GCF_000015665.1.csv,0,0
kofamscan/ko_tables/DMSP/GCF_000812185.1.csv,0,0
kofamscan/ko_tables/DMSP/GCF_000023785.1.csv,0,0
kofamscan/ko_tables/DMSP/GCF_002795825.1.csv,0,0
kofamscan/ko_tables/DMSP/GCF_001975705.1.csv,0,0
kofamscan/ko_tables/DMSP/GCF_001685465.1.csv,0,0
kofamscan/ko_tables/DMSP/GCF_003429325.1.csv,0,0
kofamscan/ko_tables/DMSP/GCF_000737595.1.csv,0,0
kofamscan/ko_tables/DMSP/GCF_003846385.1.csv,1,0
kofamscan/ko_tables/DMSP/GCF_003076895.1.csv,0,0
kofamscan/ko_tables/DMSP/GCF_002795805.1.csv,0,0
kofamscan/ko_tables/DMSP/GCF_002953535.1.csv,0,0
kofamscan/ko_tables/DMSP/GCF_001456255.1.csv,0,0
kofamscan/ko_tables/DMSP/GCF_000964565.1.csv,0,0
kofamscan/ko_tables/DMSP/GCF_001750185.1.csv,0,0
kofamscan/ko_tables/DMSP/GCF_003095655.1.csv,0,0
kofamscan/ko_tables/DMSP/GCF_001651805.1.csv,0,0
kofamscan/ko_tables/DMSP/GCF_003032495.1.csv,0,0
kofamscan/ko_tables/DMSP/GCF_002269385.1.csv,0,0
kofamscan/ko_tables/DMSP/GCF_002949085.1.csv,0,0
kofamscan/ko_tables/DMSP/GCF_001886455.1.csv,0,0
kofamscan/ko_tables/DMSP/GCF_000024825.1.csv,0,0
kofamscan/ko_tables/DMSP/GCF_000012345.1.csv,0,1
kofamscan/ko_tables/DMSP/GCF_001887715.1.csv,0,0
kofamscan/ko_tables/DMSP/GCF_900217235.1.csv,0,0
kofamscan/ko_tables/DMSP/GCF_000299965.1.csv,0,0
kofamscan/ko_tables/DMSP/GCF_000227745.2.csv,0,0
kofamscan/ko_tables/DMSP/GCF_000147735.2.csv,0,0
kofamscan/ko_tables/DMSP/GCF_900239935.1.csv,0,0
kofamscan/ko_tables/DMSP/GCF_000230555.1.csv,0,0
kofamscan/ko_tables/DMSP/GCF_001854425.1.csv,0,0
kofamscan/ko_tables/DMSP/GCF_000237865.1.csv,0,0
kofamscan/ko_tables/DMSP/GCF_002407505.1.csv,0,0
kofamscan/ko_tables/DMSP/GCF_002119505.2.csv,0,0
kofamscan/ko_tables/DMSP/GCF_000018485.1.csv,0,0
kofamscan/ko_tables/DMSP/GCF_000785535.1.csv,0,0
kofamscan/ko_tables/DMSP/GCF_000024125.1.csv,0,0
kofamscan/ko_tables/DMSP/GCF_000737535.1.csv,0,0
kofamscan/ko_tables/DMSP/GCF_003584745.1.csv,0,0
kofamscan/ko_tables/DMSP/GCF_000259255.1.csv,0,0
kofamscan/ko_tables/DMSP/GCF_000020845.1.csv,0,0
kofamscan/ko_tables/DMSP/GCF_001880285.1.csv,0,0
kofamscan/ko_tables/DMSP/GCF_000012885.1.csv,0,0
kofamscan/ko_tables/DMSP/GCF_000223395.1.csv,0,0
kofamscan/ko_tables/DMSP/GCF_001951155.1.csv,0,0
kofamscan/ko_tables/DMSP/GCF_000195575.1.csv,0,0
kofamscan/ko_tables/DMSP/GCF_000328405.1.csv,0,0
kofamscan/ko_tables/DMSP/GCF_000018025.1.csv,0,0
kofamscan/ko_tables/DMSP/GCF_001932755.1.csv,0,0
kofamscan/ko_tables/DMSP/GCF_001006045.1.csv,0,0
kofamscan/ko_tables/DMSP/GCF_002355395.1.csv,0,0
kofamscan/ko_tables/DMSP/GCF_001998865.1.csv,0,0
kofamscan/ko_tables/DMSP/GCF_003071365.1.csv,0,0
kofamscan/ko_tables/DMSP/GCF_000204155.1.csv,0,0
kofamscan/ko_tables/DMSP/GCF_001682135.1.csv,0,0
kofamscan/ko_tables/DMSP/GCF_001865655.1.csv,0,0
kofamscan/ko_tables/DMSP/GCF_000319385.1.csv,0,0
kofamscan/ko_tables/DMSP/GCF_001677435.1.csv,0,0
kofamscan/ko_tables/DMSP/GCF_000015845.1.csv,0,0
kofamscan/ko_tables/DMSP/GCF_900095155.1.csv,0,0
kofamscan/ko_tables/DMSP/GCF_000019185.1.csv,0,0
kofamscan/ko_tables/DMSP/GCF_000195335.1.csv,0,0
kofamscan/ko_tables/DMSP/GCF_000020545.1.csv,0,0
kofamscan/ko_tables/DMSP/GCF_003312875.1.csv,0,0
kofamscan/ko_tables/DMSP/GCF_000308235.1.csv,0,0
kofamscan/ko_tables/DMSP/GCF_000015285.1.csv,0,0
kofamscan/ko_tables/DMSP/GCF_001895885.1.csv,0,0
kofamscan/ko_tables/DMSP/GCF_000754405.1.csv,0,0
kofamscan/ko_tables/DMSP/GCF_001971745.1.csv,0,0
kofamscan/ko_tables/DMSP/GCF_000151205.2.csv,0,0
kofamscan/ko_tables/DMSP/GCF_000060345.1.csv,0,0
kofamscan/ko_tables/DMSP/GCF_001857945.1.csv,0,0
kofamscan/ko_tables/DMSP/GCF_000442595.1.csv,0,0
kofamscan/ko_tables/DMSP/GCF_001182765.1.csv,0,0
kofamscan/ko_tables/DMSP/GCF_003568845.1.csv,0,0
kofamscan/ko_tables/DMSP/GCF_000306765.2.csv,0,0
kofamscan/ko_tables/DMSP/GCF_001698205.1.csv,0,0
kofamscan/ko_tables/DMSP/GCF_002393525.1.csv,0,0
kofamscan/ko_tables/DMSP/GCF_001886615.1.csv,0,0
kofamscan/ko_tables/DMSP/GCF_001932795.1.csv,0,0
kofamscan/ko_tables/DMSP/GCF_000331105.1.csv,0,0
kofamscan/ko_tables/DMSP/GCF_000015965.1.csv,0,0
kofamscan/ko_tables/DMSP/GCF_002892025.1.csv,0,0
kofamscan/ko_tables/DMSP/GCF_001304795.1.csv,0,0
kofamscan/ko_tables/DMSP/GCF_000263735.1.csv,0,0
kofamscan/ko_tables/DMSP/GCF_002211985.1.csv,0,0
kofamscan/ko_tables/DMSP/GCF_002290105.1.csv,0,0
kofamscan/ko_tables/DMSP/GCF_002012365.1.csv,0,0
kofamscan/ko_tables/DMSP/GCF_003990725.1.csv,0,0
kofamscan/ko_tables/DMSP/GCF_003691485.1.csv,0,0
kofamscan/ko_tables/DMSP/GCF_002407485.1.csv,0,0
kofamscan/ko_tables/DMSP/GCF_001886475.1.csv,0,0
kofamscan/ko_tables/DMSP/GCF_000750515.1.csv,0,0
kofamscan/ko_tables/DMSP/GCF_003344865.1.csv,0,0
kofamscan/ko_tables/DMSP/GCF_002073975.1.csv,0,0
kofamscan/ko_tables/DMSP/GCF_003260975.1.csv,0,0
kofamscan/ko_tables/DMSP/GCF_000968135.1.csv,0,0
kofamscan/ko_tables/DMSP/GCF_000299095.1.csv,0,1
kofamscan/ko_tables/DMSP/GCF_000269945.1.csv,0,0
kofamscan/ko_tables/DMSP/GCF_003119375.1.csv,0,0
kofamscan/ko_tables/DMSP/GCF_002119585.1.csv,0,0
kofamscan/ko_tables/DMSP/GCF_000186265.1.csv,0,0
kofamscan/ko_tables/DMSP/GCF_001482385.1.csv,0,0
kofamscan/ko_tables/DMSP/GCF_001969345.1.csv,0,0
kofamscan/ko_tables/DMSP/GCF_002157895.1.csv,0,0
kofamscan/ko_tables/DMSP/GCF_001455325.1.csv,0,0
kofamscan/ko_tables/DMSP/GCF_003410255.1.csv,0,0
kofamscan/ko_tables/DMSP/GCF_000015825.1.csv,0,0
kofamscan/ko_tables/DMSP/GCF_000190595.1.csv,0,0
kofamscan/ko_tables/DMSP/GCF_000739065.1.csv,0,0
kofamscan/ko_tables/DMSP/GCF_003584565.1.csv,0,0
kofamscan/ko_tables/DMSP/GCF_002381325.1.csv,0,0
kofamscan/ko_tables/DMSP/GCF_000226565.1.csv,0,0
kofamscan/ko_tables/DMSP/GCF_002215215.1.csv,0,1
kofamscan/ko_tables/DMSP/GCF_000310085.1.csv,0,0
kofamscan/ko_tables/DMSP/GCF_000819565.1.csv,0,0
kofamscan/ko_tables/DMSP/GCF_002140055.1.csv,0,0
kofamscan/ko_tables/DMSP/GCF_000217795.1.csv,0,0
kofamscan/ko_tables/DMSP/GCF_001680065.1.csv,0,0
kofamscan/ko_tables/DMSP/GCF_003491385.1.csv,0,0
kofamscan/ko_tables/DMSP/GCF_003441595.1.csv,0,0
kofamscan/ko_tables/DMSP/GCF_003491205.1.csv,0,0
kofamscan/ko_tables/DMSP/GCF_002214345.1.csv,0,0
kofamscan/ko_tables/DMSP/GCF_000194135.1.csv,0,0
kofamscan/ko_tables/DMSP/GCF_000327505.1.csv,0,0
kofamscan/ko_tables/DMSP/GCF_001877055.1.csv,0,0
kofamscan/ko_tables/DMSP/GCF_001997345.1.csv,0,0
kofamscan/ko_tables/DMSP/GCF_000954115.1.csv,0,0
kofamscan/ko_tables/DMSP/GCF_000213655.1.csv,0,0
kofamscan/ko_tables/DMSP/GCF_000788395.1.csv,0,0
kofamscan/ko_tables/DMSP/GCF_003391255.1.csv,0,0
kofamscan/ko_tables/DMSP/GCF_000194625.1.csv,0,0
kofamscan/ko_tables/DMSP/GCF_003721455.1.csv,0,0
kofamscan/ko_tables/DMSP/GCF_003143555.1.csv,0,0
kofamscan/ko_tables/DMSP/GCF_000214215.1.csv,0,0
kofamscan/ko_tables/DMSP/GCF_002887615.1.csv,0,0
kofamscan/ko_tables/DMSP/GCF_002119565.1.csv,0,0
kofamscan/ko_tables/DMSP/GCF_001660505.1.csv,0,0
kofamscan/ko_tables/DMSP/GCF_003060825.1.csv,0,0
kofamscan/ko_tables/DMSP/GCF_000011965.2.csv,0,1
kofamscan/ko_tables/DMSP/GCF_001687545.1.csv,0,0
kofamscan/ko_tables/DMSP/GCF_000299335.2.csv,0,0
kofamscan/ko_tables/DMSP/GCF_001685485.1.csv,0,0
kofamscan/ko_tables/DMSP/GCF_000014885.1.csv,0,0
kofamscan/ko_tables/DMSP/GCF_000152925.2.csv,0,0
kofamscan/ko_tables/DMSP/GCF_000011245.1.csv,0,0
kofamscan/ko_tables/DMSP/GCF_000831225.1.csv,0,0
kofamscan/ko_tables/DMSP/GCF_000155675.2.csv,0,1
kofamscan/ko_tables/DMSP/GCF_002310855.1.csv,0,0
kofamscan/ko_tables/DMSP/GCF_003330885.1.csv,0,0
kofamscan/ko_tables/DMSP/GCF_002831685.1.csv,0,0
kofamscan/ko_tables/DMSP/GCF_000468615.2.csv,0,0
kofamscan/ko_tables/DMSP/GCF_002847305.1.csv,0,0
kofamscan/ko_tables/DMSP/GCF_000462975.1.csv,0,0
kofamscan/ko_tables/DMSP/GCF_000153485.2.csv,0,0
kofamscan/ko_tables/DMSP/GCF_003312895.1.csv,0,0
kofamscan/ko_tables/DMSP/GCF_000011185.1.csv,0,0
kofamscan/ko_tables/DMSP/GCF_001534725.1.csv,0,0
kofamscan/ko_tables/DMSP/GCF_001854125.1.csv,0,0
kofamscan/ko_tables/DMSP/GCF_000191045.1.csv,0,0
kofamscan/ko_tables/DMSP/GCF_003568825.1.csv,0,0
kofamscan/ko_tables/DMSP/GCF_000215995.1.csv,0,0
kofamscan/ko_tables/DMSP/GCF_000789375.1.csv,0,0
kofamscan/ko_tables/DMSP/GCF_002891925.1.csv,0,0
kofamscan/ko_tables/DMSP/GCF_000831385.1.csv,0,0
kofamscan/ko_tables/DMSP/GCF_002220115.1.csv,0,0
kofamscan/ko_tables/DMSP/GCF_001044355.1.csv,0,0
kofamscan/ko_tables/DMSP/GCF_000021565.1.csv,0,0
kofamscan/ko_tables/DMSP/GCF_002117085.1.csv,0,0
kofamscan/ko_tables/DMSP/GCF_000024845.1.csv,0,0
kofamscan/ko_tables/DMSP/GCF_900637885.1.csv,0,0
kofamscan/ko_tables/DMSP/GCF_003991075.1.csv,0,0
kofamscan/ko_tables/DMSP/GCF_000754365.1.csv,0,0
kofamscan/ko_tables/DMSP/GCF_001187785.1.csv,0,0
kofamscan/ko_tables/DMSP/GCF_000024725.1.csv,0,0
kofamscan/ko_tables/DMSP/GCF_000012605.1.csv,0,0
kofamscan/ko_tables/DMSP/GCF_001017575.1.csv,0,0
kofamscan/ko_tables/DMSP/GCF_000956175.1.csv,0,0
kofamscan/ko_tables/DMSP/GCF_002504165.1.csv,0,0
kofamscan/ko_tables/DMSP/GCF_001908435.2.csv,0,0
kofamscan/ko_tables/DMSP/GCF_000148645.1.csv,0,0
kofamscan/ko_tables/DMSP/GCF_003544875.1.csv,0,0
kofamscan/ko_tables/DMSP/GCF_003122365.1.csv,0,0
kofamscan/ko_tables/DMSP/GCF_000439535.1.csv,0,0
kofamscan/ko_tables/DMSP/GCF_900105035.1.csv,0,0
kofamscan/ko_tables/DMSP/GCF_900176595.1.csv,0,0
kofamscan/ko_tables/DMSP/GCF_003568865.1.csv,0,0
kofamscan/ko_tables/DMSP/GCF_000184325.1.csv,0,0
kofamscan/ko_tables/DMSP/GCF_000507245.1.csv,0,0
kofamscan/ko_tables/DMSP/GCF_000217675.1.csv,0,0
kofamscan/ko_tables/DMSP/GCF_000184705.1.csv,0,0
kofamscan/ko_tables/DMSP/GCF_001483385.1.csv,0,0
kofamscan/ko_tables/DMSP/GCF_000013005.1.csv,0,0
kofamscan/ko_tables/DMSP/GCF_000016085.1.csv,0,0
kofamscan/ko_tables/DMSP/GCF_002237405.1.csv,0,0
kofamscan/ko_tables/DMSP/GCF_003626995.1.csv,0,0
kofamscan/ko_tables/DMSP/GCF_001975665.1.csv,0,0
kofamscan/ko_tables/DMSP/GCF_000025285.1.csv,0,0
kofamscan/ko_tables/DMSP/GCF_000970085.1.csv,0,0
kofamscan/ko_tables/DMSP/GCF_000203935.1.csv,0,0
kofamscan/ko_tables/DMSP/GCF_002356035.1.csv,0,0
kofamscan/ko_tables/DMSP/GCF_002381345.1.csv,0,0
kofamscan/ko_tables/DMSP/GCF_000013665.1.csv,0,0
kofamscan/ko_tables/DMSP/GCF_002128305.1.csv,0,0
kofamscan/ko_tables/DMSP/GCF_002831605.1.csv,0,0
kofamscan/ko_tables/DMSP/GCF_003288315.1.csv,0,1
kofamscan/ko_tables/DMSP/GCF_003148385.1.csv,0,0
kofamscan/ko_tables/DMSP/GCF_000147875.1.csv,0,0
kofamscan/ko_tables/DMSP/GCF_000189295.2.csv,0,0
kofamscan/ko_tables/DMSP/GCF_003367375.1.csv,0,0
kofamscan/ko_tables/DMSP/GCF_000967895.1.csv,0,0
kofamscan/ko_tables/DMSP/GCF_000183745.1.csv,0,0
kofamscan/ko_tables/DMSP/GCF_002838205.1.csv,0,0
kofamscan/ko_tables/DMSP/GCF_004022545.1.csv,0,0
kofamscan/ko_tables/DMSP/GCF_000269925.1.csv,0,0
kofamscan/ko_tables/DMSP/GCF_001886415.1.csv,0,0
kofamscan/ko_tables/DMSP/GCF_000233775.1.csv,0,0
kofamscan/ko_tables/DMSP/GCF_003351365.1.csv,0,0
kofamscan/ko_tables/DMSP/GCF_000332115.1.csv,0,0
kofamscan/ko_tables/DMSP/GCF_000011485.1.csv,0,0
kofamscan/ko_tables/DMSP/GCF_003443595.1.csv,0,0
kofamscan/ko_tables/DMSP/GCF_001308265.1.csv,0,0
kofamscan/ko_tables/DMSP/GCF_001305655.1.csv,0,0
kofamscan/ko_tables/DMSP/GCF_003711085.1.csv,0,0
kofamscan/ko_tables/DMSP/GCF_000818095.1.csv,0,0
kofamscan/ko_tables/DMSP/GCF_003061515.1.csv,0,0
kofamscan/ko_tables/DMSP/GCF_003867075.1.csv,0,0
kofamscan/ko_tables/DMSP/GCF_002831645.1.csv,0,0
kofamscan/ko_tables/DMSP/GCF_000221005.1.csv,0,0
kofamscan/ko_tables/DMSP/GCF_001735745.1.csv,0,0
kofamscan/ko_tables/DMSP/GCF_001908835.1.csv,0,0
kofamscan/ko_tables/DMSP/GCF_000970145.1.csv,0,0
kofamscan/ko_tables/DMSP/GCF_001077815.2.csv,0,0
kofamscan/ko_tables/DMSP/GCF_001008165.2.csv,0,0
kofamscan/ko_tables/DMSP/GCF_000018765.1.csv,0,0
kofamscan/ko_tables/DMSP/GCF_000982975.1.csv,0,0
kofamscan/ko_tables/DMSP/GCF_003952245.1.csv,0,0
kofamscan/ko_tables/DMSP/GCF_000789355.1.csv,0,0
kofamscan/ko_tables/DMSP/GCF_000801275.2.csv,0,0
kofamscan/ko_tables/DMSP/GCF_000018105.1.csv,0,0
kofamscan/ko_tables/DMSP/GCF_000265405.1.csv,0,0
kofamscan/ko_tables/DMSP/GCF_000325705.1.csv,0,0
kofamscan/ko_tables/DMSP/GCF_000012325.1.csv,0,0
kofamscan/ko_tables/DMSP/GCF_003367315.1.csv,0,0
kofamscan/ko_tables/DMSP/GCF_002891945.1.csv,0,0
kofamscan/ko_tables/DMSP/GCF_000763535.1.csv,0,0
kofamscan/ko_tables/DMSP/GCF_003612775.1.csv,0,0
kofamscan/ko_tables/DMSP/GCF_000014585.1.csv,0,0
kofamscan/ko_tables/DMSP/GCF_900105135.1.csv,0,0
kofamscan/ko_tables/DMSP/GCF_003429285.1.csv,0,0
kofamscan/ko_tables/DMSP/GCF_003443875.1.csv,0,0
kofamscan/ko_tables/DMSP/GCF_000020525.1.csv,0,0
kofamscan/ko_tables/DMSP/GCF_001857985.1.csv,0,0
kofamscan/ko_tables/DMSP/GCF_000299395.1.csv,0,0
kofamscan/ko_tables/DMSP/GCF_000299115.1.csv,0,1
kofamscan/ko_tables/DMSP/GCF_000024465.1.csv,0,1
kofamscan/ko_tables/DMSP/GCF_002240355.1.csv,0,0
kofamscan/ko_tables/DMSP/GCF_000255135.1.csv,0,0
kofamscan/ko_tables/DMSP/GCF_000772065.1.csv,0,0
kofamscan/ko_tables/DMSP/GCF_002355655.1.csv,0,0
kofamscan/ko_tables/DMSP/GCF_003544895.1.csv,0,0
kofamscan/ko_tables/DMSP/GCF_001932735.1.csv,0,0
kofamscan/ko_tables/DMSP/GCF_002892165.1.csv,0,0
kofamscan/ko_tables/DMSP/GCF_000019525.1.csv,0,0
kofamscan/ko_tables/DMSP/GCF_900102005.1.csv,0,0
kofamscan/ko_tables/DMSP/GCF_001854245.1.csv,0,0
kofamscan/ko_tables/DMSP/GCF_002838765.1.csv,0,0
kofamscan/ko_tables/DMSP/GCF_000963865.1.csv,0,0
kofamscan/ko_tables/DMSP/GCF_000246985.2.csv,0,0
kofamscan/ko_tables/DMSP/GCF_002149065.1.csv,0,0
kofamscan/ko_tables/DMSP/GCF_001767295.1.csv,0,0
kofamscan/ko_tables/DMSP/GCF_900119795.1.csv,0,0
kofamscan/ko_tables/DMSP/GCF_001932835.1.csv,0,0
kofamscan/ko_tables/DMSP/GCF_001831475.1.csv,0,0
kofamscan/ko_tables/DMSP/GCF_002832675.1.csv,0,0
kofamscan/ko_tables/DMSP/GCF_002950575.1.csv,0,0
kofamscan/ko_tables/DMSP/GCF_000152945.2.csv,0,0
kofamscan/ko_tables/DMSP/GCF_000517445.1.csv,0,0
kofamscan/ko_tables/DMSP/GCF_002893765.1.csv,0,0
kofamscan/ko_tables/DMSP/GCF_000015145.1.csv,0,0
kofamscan/ko_tables/DMSP/GCF_000769655.1.csv,0,0
kofamscan/ko_tables/DMSP/GCF_003030345.1.csv,0,0
kofamscan/ko_tables/DMSP/GCF_001889405.1.csv,0,0
kofamscan/ko_tables/DMSP/GCF_000737575.1.csv,0,0
kofamscan/ko_tables/DMSP/GCF_002892145.1.csv,0,0
kofamscan/ko_tables/DMSP/GCF_000827835.1.csv,0,0
kofamscan/ko_tables/DMSP/GCF_000439595.1.csv,0,0
kofamscan/ko_tables/DMSP/GCF_000184065.1.csv,0,0
kofamscan/ko_tables/DMSP/GCF_002945325.1.csv,0,0
kofamscan/ko_tables/DMSP/GCF_000319575.2.csv,0,0
kofamscan/ko_tables/DMSP/GCF_003130755.1.csv,0,0
kofamscan/ko_tables/DMSP/GCF_900105865.1.csv,0,0
kofamscan/ko_tables/DMSP/GCF_001969385.1.csv,0,0
kofamscan/ko_tables/DMSP/GCF_000971605.2.csv,0,0
kofamscan/ko_tables/DMSP/GCF_002214395.1.csv,0,0
kofamscan/ko_tables/DMSP/GCF_001687105.1.csv,0,0
kofamscan/ko_tables/DMSP/GCF_000831485.1.csv,0,0
kofamscan/ko_tables/DMSP/GCF_000970045.1.csv,0,0
kofamscan/ko_tables/DMSP/GCF_001680045.1.csv,0,0
kofamscan/ko_tables/DMSP/GCF_001679745.1.csv,0,0
kofamscan/ko_tables/DMSP/GCF_001310225.1.csv,0,0
kofamscan/ko_tables/DMSP/GCF_000940995.1.csv,0,0
kofamscan/ko_tables/DMSP/GCF_000196395.1.csv,0,0
kofamscan/ko_tables/DMSP/GCF_001644665.1.csv,0,0
kofamscan/ko_tables/DMSP/GCF_002381365.1.csv,0,0
kofamscan/ko_tables/DMSP/GCF_001767395.1.csv,0,0
kofamscan/ko_tables/DMSP/GCF_000224745.1.csv,0,0
kofamscan/ko_tables/DMSP/GCF_002310795.1.csv,0,0
kofamscan/ko_tables/DMSP/GCF_001632825.1.csv,0,0
kofamscan/ko_tables/DMSP/GCF_000008465.1.csv,0,0
kofamscan/ko_tables/DMSP/GCF_003054475.1.csv,0,0
kofamscan/ko_tables/DMSP/GCF_000222485.1.csv,0,0
kofamscan/ko_tables/DMSP/GCF_001466725.1.csv,0,0
kofamscan/ko_tables/DMSP/GCF_001767235.1.csv,0,0
kofamscan/ko_tables/DMSP/GCF_003403095.1.csv,0,0
kofamscan/ko_tables/DMSP/GCF_000477035.2.csv,0,0
kofamscan/ko_tables/DMSP/GCF_003443715.1.csv,0,0
kofamscan/ko_tables/DMSP/GCF_001941385.1.csv,0,0
kofamscan/ko_tables/DMSP/GCF_001682155.1.csv,0,0
kofamscan/ko_tables/DMSP/GCF_000007925.1.csv,0,0
kofamscan/ko_tables/DMSP/GCF_004014715.1.csv,0,0
kofamscan/ko_tables/DMSP/GCF_000299995.1.csv,0,0
kofamscan/ko_tables/DMSP/GCF_000013565.1.csv,0,1
kofamscan/ko_tables/DMSP/GCF_000224085.1.csv,0,0
kofamscan/ko_tables/DMSP/GCF_001932815.1.csv,0,0
kofamscan/ko_tables/DMSP/GCF_000091325.1.csv,0,0
kofamscan/ko_tables/DMSP/GCF_002892245.1.csv,0,0
kofamscan/ko_tables/DMSP/GCF_002214245.1.csv,0,0
kofamscan/ko_tables/DMSP/GCF_000835165.1.csv,0,0
kofamscan/ko_tables/DMSP/GCF_001831495.1.csv,0,0
kofamscan/ko_tables/DMSP/GCF_000025665.1.csv,0,0
kofamscan/ko_tables/DMSP/GCF_003726935.1.csv,0,0
kofamscan/ko_tables/DMSP/GCF_003846405.1.csv,1,0
kofamscan/ko_tables/DMSP/GCF_000828615.1.csv,0,0
kofamscan/ko_tables/DMSP/GCF_000018885.1.csv,0,0
kofamscan/ko_tables/DMSP/GCF_003942025.1.csv,0,0
kofamscan/ko_tables/DMSP/GCF_000264455.2.csv,0,0
kofamscan/ko_tables/DMSP/GCF_001941365.1.csv,0,0
kofamscan/ko_tables/DMSP/GCF_002355575.1.csv,0,0
kofamscan/ko_tables/DMSP/GCF_000183425.1.csv,0,0
kofamscan/ko_tables/DMSP/GCF_000264765.2.csv,0,0
kofamscan/ko_tables/DMSP/GCF_000725425.1.csv,0,0
kofamscan/ko_tables/DMSP/GCF_001865855.1.csv,0,0
kofamscan/ko_tables/DMSP/GCF_003691505.1.csv,0,0
kofamscan/ko_tables/DMSP/GCF_000730385.1.csv,0,0
kofamscan/ko_tables/DMSP/GCF_001889605.1.csv,0,0
kofamscan/ko_tables/DMSP/GCF_002412045.1.csv,0,0
kofamscan/ko_tables/DMSP/GCF_900099705.1.csv,0,0
kofamscan/ko_tables/DMSP/GCF_001895265.1.csv,0,0
kofamscan/ko_tables/DMSP/GCF_003030385.1.csv,0,0
kofamscan/ko_tables/DMSP/GCF_002204915.1.csv,0,0
kofamscan/ko_tables/DMSP/GCF_000832145.1.csv,0,0
kofamscan/ko_tables/DMSP/GCF_001653755.1.csv,0,0
kofamscan/ko_tables/DMSP/GCF_001932535.1.csv,0,0
kofamscan/ko_tables/DMSP/GCF_001680025.1.csv,0,0
kofamscan/ko_tables/DMSP/GCF_000155735.2.csv,0,1
kofamscan/ko_tables/DMSP/GCF_002117105.1.csv,0,0
kofamscan/ko_tables/DMSP/GCF_000196315.1.csv,0,0
kofamscan/ko_tables/DMSP/GCF_001983995.1.csv,0,0
kofamscan/ko_tables/DMSP/GCF_000250635.1.csv,0,0
kofamscan/ko_tables/DMSP/GCF_002196515.1.csv,0,0
kofamscan/ko_tables/DMSP/GCF_000025725.1.csv,0,0
kofamscan/ko_tables/DMSP/GCF_003691525.1.csv,0,0
kofamscan/ko_tables/DMSP/GCF_000020585.3.csv,0,0
kofamscan/ko_tables/DMSP/GCF_001932855.1.csv,0,0
kofamscan/ko_tables/DMSP/GCF_000283575.1.csv,0,0
kofamscan/ko_tables/DMSP/GCF_001941505.1.csv,0,0
kofamscan/ko_tables/DMSP/GCF_000022365.1.csv,0,0
kofamscan/ko_tables/DMSP/GCF_000834255.1.csv,0,0
kofamscan/ko_tables/DMSP/GCF_000757845.1.csv,0,0
kofamscan/ko_tables/DMSP/GCF_002212005.1.csv,0,0
kofamscan/ko_tables/DMSP/GCF_001190965.1.csv,0,0
kofamscan/ko_tables/DMSP/GCF_001687805.1.csv,0,0
kofamscan/ko_tables/DMSP/GCF_000012505.1.csv,0,0
kofamscan/ko_tables/DMSP/GCF_000151105.2.csv,0,0
kofamscan/ko_tables/DMSP/GCF_003293715.1.csv,0,0
kofamscan/ko_tables/DMSP/GCF_000661915.1.csv,0,0
kofamscan/ko_tables/DMSP/GCF_001632765.1.csv,0,0
kofamscan/ko_tables/DMSP/GCF_002291265.1.csv,0,0
kofamscan/ko_tables/DMSP/GCF_002381385.1.csv,0,0
kofamscan/ko_tables/DMSP/GCF_900105595.1.csv,1,0
kofamscan/ko_tables/DMSP/GCF_002407265.1.csv,0,0
kofamscan/ko_tables/DMSP/GCF_000011465.1.csv,0,0
kofamscan/ko_tables/DMSP/GCF_000284615.1.csv,0,0
kofamscan/ko_tables/DMSP/GCF_000230895.2.csv,0,0
kofamscan/ko_tables/DMSP/GCF_001465295.1.csv,0,0
kofamscan/ko_tables/DMSP/GCF_001687665.2.csv,0,0
kofamscan/ko_tables/DMSP/GCF_003264115.1.csv,0,0
kofamscan/ko_tables/DMSP/GCF_001282785.1.csv,0,0
kofamscan/ko_tables/DMSP/GCF_003585765.1.csv,0,0
kofamscan/ko_tables/DMSP/GCF_002831665.1.csv,0,0
kofamscan/ko_tables/DMSP/GCF_003846365.1.csv,1,0
kofamscan/ko_tables/DMSP/GCF_003285105.1.csv,0,0
kofamscan/ko_tables/DMSP/GCF_000015245.1.csv,0,0
kofamscan/ko_tables/DMSP/GCF_000025905.1.csv,0,0
kofamscan/ko_tables/DMSP/GCF_000016885.1.csv,0,0
kofamscan/ko_tables/DMSP/GCF_000341395.1.csv,0,0
kofamscan/ko_tables/DMSP/GCF_000011805.1.csv,0,0
kofamscan/ko_tables/DMSP/GCF_003345275.1.csv,0,0
kofamscan/ko_tables/DMSP/GCF_000941055.1.csv,0,0
kofamscan/ko_tables/DMSP/GCF_003063885.1.csv,0,0
kofamscan/ko_tables/DMSP/GCF_000828715.1.csv,0,0
kofamscan/ko_tables/DMSP/GCF_000014685.1.csv,0,0
kofamscan/ko_tables/DMSP/GCF_000192865.1.csv,0,0
kofamscan/ko_tables/DMSP/GCF_000755705.1.csv,0,0
kofamscan/ko_tables/DMSP/GCF_000152825.2.csv,0,0
kofamscan/ko_tables/DMSP/GCF_000063505.1.csv,0,0
kofamscan/ko_tables/DMSP/GCF_003342675.1.csv,0,0
kofamscan/ko_tables/DMSP/GCF_001430825.1.csv,0,0
kofamscan/ko_tables/DMSP/GCF_002216855.1.csv,0,0
kofamscan/ko_tables/DMSP/GCF_003058465.1.csv,0,0
kofamscan/ko_tables/DMSP/GCF_000012805.1.csv,0,0
kofamscan/ko_tables/DMSP/GCF_001187845.1.csv,0,1
kofamscan/ko_tables/DMSP/GCF_000009365.1.csv,0,0
kofamscan/ko_tables/DMSP/GCF_002442875.1.csv,0,0
kofamscan/ko_tables/DMSP/GCF_000018145.1.csv,1,1
kofamscan/ko_tables/DMSP/GCF_000585495.1.csv,0,0
kofamscan/ko_tables/DMSP/GCF_900215505.1.csv,0,0
kofamscan/ko_tables/DMSP/GCF_001941605.1.csv,0,0
kofamscan/ko_tables/DMSP/GCF_000789335.1.csv,0,0
kofamscan/ko_tables/DMSP/GCF_001856665.1.csv,1,0
kofamscan/ko_tables/DMSP/GCF_000473245.1.csv,0,0
kofamscan/ko_tables/DMSP/GCF_002892065.1.csv,0,0
kofamscan/ko_tables/DMSP/GCF_001886695.1.csv,0,0
kofamscan/ko_tables/DMSP/GCF_003354245.1.csv,0,0
kofamscan/ko_tables/DMSP/GCF_900465055.1.csv,0,0
kofamscan/ko_tables/DMSP/GCF_002953515.1.csv,0,0
kofamscan/ko_tables/DMSP/GCF_000495635.1.csv,0,0
kofamscan/ko_tables/DMSP/GCF_002212025.1.csv,0,0
kofamscan/ko_tables/DMSP/GCF_003047105.1.csv,0,0
kofamscan/ko_tables/DMSP/GCF_000971645.2.csv,0,0
kofamscan/ko_tables/DMSP/GCF_003612895.1.csv,0,0
kofamscan/ko_tables/DMSP/GCF_001010805.1.csv,0,0
kofamscan/ko_tables/DMSP/GCF_000831205.1.csv,0,0
kofamscan/ko_tables/DMSP/GCF_002313025.1.csv,0,0
kofamscan/ko_tables/DMSP/GCF_000299955.1.csv,0,0
kofamscan/ko_tables/DMSP/GCF_002891475.1.csv,0,0
kofamscan/ko_tables/DMSP/GCF_002075795.1.csv,0,0
kofamscan/ko_tables/DMSP/GCF_000055785.1.csv,0,0
kofamscan/ko_tables/DMSP/GCF_001719165.1.csv,0,0
kofamscan/ko_tables/DMSP/GCF_000495755.1.csv,0,0
kofamscan/ko_tables/DMSP/GCF_000734035.1.csv,0,0
kofamscan/ko_tables/DMSP/GCF_003668795.1.csv,0,0
kofamscan/ko_tables/DMSP/GCF_000970325.1.csv,0,0
kofamscan/ko_tables/DMSP/GCF_000012965.1.csv,0,0
kofamscan/ko_tables/DMSP/GCF_001481685.1.csv,0,0
kofamscan/ko_tables/DMSP/GCF_000165505.1.csv,0,0
kofamscan/ko_tables/DMSP/GCF_002079305.1.csv,0,0
kofamscan/ko_tables/DMSP/GCF_002891905.1.csv,0,0
kofamscan/ko_tables/DMSP/GCF_001682195.1.csv,0,0
kofamscan/ko_tables/DMSP/GCF_000259275.1.csv,0,0
kofamscan/ko_tables/DMSP/GCF_003721495.1.csv,0,0
kofamscan/ko_tables/DMSP/GCF_000012625.1.csv,0,0
kofamscan/ko_tables/DMSP/GCF_000008665.1.csv,0,0
kofamscan/ko_tables/DMSP/GCF_000172635.2.csv,0,0
kofamscan/ko_tables/DMSP/GCF_000018265.1.csv,0,0
kofamscan/ko_tables/DMSP/GCF_000418305.1.csv,0,0
kofamscan/ko_tables/DMSP/GCF_000017705.1.csv,0,0
kofamscan/ko_tables/DMSP/GCF_003443535.1.csv,0,1
kofamscan/ko_tables/DMSP/GCF_000015945.1.csv,0,0
kofamscan/ko_tables/DMSP/GCF_003443575.1.csv,0,1
kofamscan/ko_tables/DMSP/GCF_000283275.1.csv,0,0
kofamscan/ko_tables/DMSP/GCF_002847285.1.csv,0,0
kofamscan/ko_tables/DMSP/GCF_001932895.1.csv,0,0
kofamscan/ko_tables/DMSP/GCF_000010405.1.csv,0,0
kofamscan/ko_tables/DMSP/GCF_000178875.2.csv,0,0
kofamscan/ko_tables/DMSP/GCF_002983865.1.csv,0,1
kofamscan/ko_tables/DMSP/GCF_000439495.1.csv,0,0
kofamscan/ko_tables/DMSP/GCF_000013045.1.csv,0,0
