,K10228,K10112,K10111,K00009,K10229,K10227,K24204,K02798,K02800,K00007,K19270,K00045
kofamscan/ko_tables/mannitol/MMETSP1380_clean.csv,0,0,0,0,0,0,0,0,0,0,0,0
kofamscan/ko_tables/mannitol/MMETSP0409_clean.csv,0,0,0,0,0,0,0,0,0,0,0,0
kofamscan/ko_tables/mannitol/MMETSP0320_clean.csv,0,0,0,0,0,0,0,0,0,0,0,0
kofamscan/ko_tables/mannitol/MMETSP1374_clean.csv,0,0,0,0,0,0,0,0,0,0,0,0
kofamscan/ko_tables/mannitol/MMETSP0907_clean.csv,0,0,0,0,0,0,0,0,0,0,0,0
kofamscan/ko_tables/mannitol/MMETSP1407_clean.csv,0,0,0,0,0,0,0,0,0,0,0,0
kofamscan/ko_tables/mannitol/MMETSP0816_clean.csv,0,0,0,0,0,0,0,0,0,0,0,0
kofamscan/ko_tables/mannitol/MMETSP0661_clean.csv,0,0,0,0,0,0,0,0,0,0,0,0
kofamscan/ko_tables/mannitol/MMETSP1165_clean.csv,0,0,0,0,0,0,0,0,0,0,0,0
kofamscan/ko_tables/mannitol/MMETSP1411_clean.csv,0,0,0,0,0,0,0,0,0,0,0,0
kofamscan/ko_tables/mannitol/MMETSP0759_clean.csv,0,0,0,0,0,0,0,0,0,0,0,0
kofamscan/ko_tables/mannitol/MMETSP1319_clean.csv,0,0,0,0,0,0,0,0,0,0,0,0
kofamscan/ko_tables/mannitol/MMETSP0117_clean.csv,0,0,0,0,0,0,0,0,0,0,0,0
kofamscan/ko_tables/mannitol/MMETSP0887_clean.csv,0,0,0,0,0,0,0,0,0,0,0,0
kofamscan/ko_tables/mannitol/MMETSP1174_clean.csv,0,0,0,0,0,0,0,0,0,0,0,0
kofamscan/ko_tables/mannitol/MMETSP0898_clean.csv,0,0,0,0,0,0,0,0,0,0,0,0
kofamscan/ko_tables/mannitol/MMETSP0088_clean.csv,0,0,0,0,0,0,0,0,0,0,0,0
kofamscan/ko_tables/mannitol/MMETSP1395_clean.csv,0,0,0,0,0,0,0,0,0,0,0,0
kofamscan/ko_tables/mannitol/MMETSP0398_clean.csv,0,0,0,0,0,0,0,0,0,0,0,0
kofamscan/ko_tables/mannitol/MMETSP0922_clean.csv,0,0,0,0,0,0,0,0,0,0,0,0
kofamscan/ko_tables/mannitol/MMETSP0780_clean.csv,0,0,0,0,0,0,0,0,0,1,0,0
kofamscan/ko_tables/mannitol/MMETSP0227_clean.csv,0,0,0,0,0,0,0,0,0,0,0,0
kofamscan/ko_tables/mannitol/MMETSP0141_clean.csv,0,0,0,0,0,0,0,0,0,0,0,0
kofamscan/ko_tables/mannitol/MMETSP1007_clean.csv,0,0,0,0,0,0,0,0,0,0,0,0
kofamscan/ko_tables/mannitol/MMETSP0852_clean.csv,0,0,0,0,0,0,0,0,0,0,0,0
kofamscan/ko_tables/mannitol/MMETSP0812_clean.csv,0,0,0,0,0,0,0,0,0,0,0,0
kofamscan/ko_tables/mannitol/MMETSP0105_clean.csv,0,0,0,0,0,0,0,0,0,0,0,0
kofamscan/ko_tables/mannitol/MMETSP1384_clean.csv,0,0,0,0,0,0,0,0,0,0,0,0
kofamscan/ko_tables/mannitol/MMETSP1063_clean.csv,0,0,0,0,0,0,0,0,0,0,0,0
kofamscan/ko_tables/mannitol/MMETSP0467_clean.csv,0,0,0,0,0,0,0,0,0,0,0,0
kofamscan/ko_tables/mannitol/MMETSP0086_clean.csv,0,0,0,0,0,0,0,0,0,0,0,0
kofamscan/ko_tables/mannitol/MMETSP1366_clean.csv,0,0,0,0,0,0,0,0,0,0,0,0
kofamscan/ko_tables/mannitol/MMETSP1439_clean.csv,0,0,0,0,0,0,0,0,0,0,0,0
kofamscan/ko_tables/mannitol/MMETSP0693_clean.csv,0,0,0,0,0,0,0,0,0,0,0,0
kofamscan/ko_tables/mannitol/MMETSP1032_clean.csv,0,0,0,0,0,0,0,0,0,0,0,0
kofamscan/ko_tables/mannitol/MMETSP1399_clean.csv,0,0,0,0,0,0,0,0,0,0,0,0
kofamscan/ko_tables/mannitol/MMETSP0100_clean.csv,0,0,0,0,0,0,1,0,0,0,0,0
kofamscan/ko_tables/mannitol/MMETSP0328_clean.csv,0,0,0,0,0,0,0,0,0,0,0,0
kofamscan/ko_tables/mannitol/MMETSP1042_clean.csv,0,0,0,0,0,0,0,0,0,0,0,0
kofamscan/ko_tables/mannitol/MMETSP1171_clean.csv,0,0,0,0,0,0,0,0,0,0,0,0
kofamscan/ko_tables/mannitol/MMETSP0209_clean.csv,0,0,0,0,0,0,0,0,0,0,0,0
kofamscan/ko_tables/mannitol/MMETSP0252_clean.csv,0,0,0,0,0,0,0,0,0,0,0,0
kofamscan/ko_tables/mannitol/MMETSP0471_clean.csv,0,0,0,0,0,0,0,0,0,0,0,0
kofamscan/ko_tables/mannitol/MMETSP0955_clean.csv,0,0,0,0,0,0,0,0,0,0,0,0
kofamscan/ko_tables/mannitol/MMETSP0199_clean.csv,0,0,0,0,0,0,0,0,0,0,0,0
kofamscan/ko_tables/mannitol/MMETSP1057_clean.csv,0,0,0,0,0,0,0,0,0,0,0,0
kofamscan/ko_tables/mannitol/MMETSP0434_clean.csv,0,0,0,0,0,1,0,0,0,0,0,0
kofamscan/ko_tables/mannitol/MMETSP1097_clean.csv,0,0,0,0,0,0,0,0,0,0,0,0
kofamscan/ko_tables/mannitol/MMETSP0115_clean.csv,0,0,0,0,0,0,0,0,0,0,0,0
kofamscan/ko_tables/mannitol/MMETSP0593_clean.csv,0,0,0,0,0,0,0,0,0,0,0,0
kofamscan/ko_tables/mannitol/MMETSP0798_clean.csv,0,0,0,0,0,0,0,0,0,0,0,0
kofamscan/ko_tables/mannitol/MMETSP0318_clean.csv,0,0,0,0,0,0,0,0,0,0,0,1
kofamscan/ko_tables/mannitol/MMETSP0527_clean.csv,0,0,0,0,0,0,0,0,0,0,0,0
kofamscan/ko_tables/mannitol/MMETSP1357_clean.csv,0,0,0,0,0,0,0,0,0,0,0,0
kofamscan/ko_tables/mannitol/MMETSP1058_clean.csv,0,0,0,0,0,0,0,0,0,0,0,0
kofamscan/ko_tables/mannitol/MMETSP0095_clean.csv,0,0,0,0,0,0,0,0,0,0,0,0
kofamscan/ko_tables/mannitol/MMETSP0950_clean.csv,0,0,0,0,0,0,0,0,0,0,0,0
kofamscan/ko_tables/mannitol/MMETSP1321_clean.csv,0,0,0,0,0,0,0,0,0,0,0,0
kofamscan/ko_tables/mannitol/MMETSP0211_clean.csv,0,0,0,0,0,0,0,0,0,0,0,0
kofamscan/ko_tables/mannitol/MMETSP1326_clean.csv,0,0,0,0,0,0,0,0,0,0,0,0
kofamscan/ko_tables/mannitol/MMETSP1002_clean.csv,0,0,0,0,0,0,0,0,0,0,0,0
kofamscan/ko_tables/mannitol/MMETSP0818_clean.csv,0,0,0,0,0,0,0,0,0,0,0,0
kofamscan/ko_tables/mannitol/MMETSP0718_clean.csv,0,0,0,0,0,0,0,0,0,0,0,0
kofamscan/ko_tables/mannitol/MMETSP0415_clean.csv,0,0,0,0,0,0,0,0,0,0,0,0
kofamscan/ko_tables/mannitol/MMETSP0976_clean.csv,0,0,0,0,0,0,0,0,0,0,0,0
kofamscan/ko_tables/mannitol/MMETSP0751_clean.csv,0,0,0,0,0,0,0,0,0,0,0,0
kofamscan/ko_tables/mannitol/MMETSP1371_clean.csv,0,0,0,0,0,0,0,0,0,0,0,0
kofamscan/ko_tables/mannitol/MMETSP1422_clean.csv,0,0,0,0,0,0,0,0,0,0,0,0
kofamscan/ko_tables/mannitol/MMETSP1419_clean.csv,0,0,0,0,0,0,0,0,0,0,0,0
kofamscan/ko_tables/mannitol/MMETSP1421_clean.csv,0,0,0,0,0,0,0,0,0,0,0,0
kofamscan/ko_tables/mannitol/MMETSP1396_clean.csv,0,0,0,0,0,0,0,0,0,0,0,0
kofamscan/ko_tables/mannitol/MMETSP0404_clean.csv,0,0,0,0,0,0,0,0,0,0,0,0
kofamscan/ko_tables/mannitol/MMETSP0041_clean.csv,0,0,0,0,0,0,0,0,0,0,0,1
kofamscan/ko_tables/mannitol/MMETSP1425_clean.csv,0,0,0,0,0,0,0,0,0,0,0,0
kofamscan/ko_tables/mannitol/MMETSP0308_clean.csv,0,0,0,0,0,0,0,0,0,0,0,0
kofamscan/ko_tables/mannitol/MMETSP0910_clean.csv,0,0,0,0,0,0,0,0,0,0,0,0
kofamscan/ko_tables/mannitol/MMETSP1432_clean.csv,0,0,0,0,0,0,0,0,0,0,0,0
kofamscan/ko_tables/mannitol/MMETSP0259_clean.csv,0,0,0,0,0,0,0,0,0,0,0,0
kofamscan/ko_tables/mannitol/MMETSP1176_clean.csv,0,0,0,0,0,0,0,0,0,0,0,0
kofamscan/ko_tables/mannitol/MMETSP1465_clean.csv,0,0,0,0,0,0,0,0,0,0,0,0
kofamscan/ko_tables/mannitol/MMETSP1104_clean.csv,0,0,0,0,0,0,0,0,0,0,0,0
kofamscan/ko_tables/mannitol/MMETSP0004_clean.csv,0,0,0,0,0,0,0,0,0,0,0,0
kofamscan/ko_tables/mannitol/MMETSP1172_clean.csv,0,0,0,0,0,0,0,0,0,0,0,0
kofamscan/ko_tables/mannitol/MMETSP1055_clean.csv,0,0,0,0,0,0,0,0,0,0,0,1
kofamscan/ko_tables/mannitol/MMETSP1403_clean.csv,0,0,0,0,0,0,0,0,0,0,0,0
kofamscan/ko_tables/mannitol/MMETSP0574_clean.csv,0,0,0,0,0,0,0,0,0,0,0,0
kofamscan/ko_tables/mannitol/MMETSP0202_clean.csv,0,0,0,0,0,0,0,0,0,0,0,0
kofamscan/ko_tables/mannitol/MMETSP0796_clean.csv,0,0,0,0,0,0,0,0,0,0,0,0
kofamscan/ko_tables/mannitol/MMETSP0797_clean.csv,0,0,0,0,0,0,0,0,0,0,0,0
kofamscan/ko_tables/mannitol/MMETSP1127_clean.csv,0,0,0,0,0,0,0,0,0,0,0,0
kofamscan/ko_tables/mannitol/MMETSP1413_clean.csv,0,0,0,0,0,0,0,0,0,0,0,0
kofamscan/ko_tables/mannitol/MMETSP0991_clean.csv,0,0,0,0,0,0,0,0,0,0,0,0
kofamscan/ko_tables/mannitol/MMETSP1474_clean.csv,0,0,0,0,0,0,0,0,0,0,0,0
kofamscan/ko_tables/mannitol/MMETSP1406_clean.csv,0,0,0,0,0,0,0,0,0,0,0,0
kofamscan/ko_tables/mannitol/MMETSP1123_clean.csv,0,0,0,0,0,0,0,0,0,0,0,0
kofamscan/ko_tables/mannitol/MMETSP0930_clean.csv,0,0,0,0,0,0,0,0,0,0,0,0
kofamscan/ko_tables/mannitol/MMETSP0573_clean.csv,0,0,0,0,0,0,0,0,0,0,0,0
kofamscan/ko_tables/mannitol/MMETSP1013_clean.csv,0,0,0,0,0,0,0,0,0,0,0,0
kofamscan/ko_tables/mannitol/MMETSP1080_clean.csv,0,0,0,0,0,0,0,0,0,0,0,0
kofamscan/ko_tables/mannitol/MMETSP1464_clean.csv,0,0,0,0,0,0,1,0,0,0,0,0
kofamscan/ko_tables/mannitol/MMETSP0891_clean.csv,0,0,0,0,0,0,0,0,0,0,0,0
kofamscan/ko_tables/mannitol/MMETSP1169_clean.csv,0,0,0,0,0,0,0,0,0,0,0,0
kofamscan/ko_tables/mannitol/MMETSP1128_clean.csv,0,0,0,0,0,0,0,0,0,0,0,0
kofamscan/ko_tables/mannitol/MMETSP1155_clean.csv,0,0,0,0,0,0,0,0,0,0,0,0
kofamscan/ko_tables/mannitol/MMETSP0149_clean.csv,0,0,0,0,0,0,0,0,0,0,0,0
kofamscan/ko_tables/mannitol/MMETSP1100_clean.csv,0,0,0,0,0,0,0,0,0,0,0,0
kofamscan/ko_tables/mannitol/MMETSP0942_clean.csv,0,0,0,0,0,0,0,0,0,0,0,0
kofamscan/ko_tables/mannitol/MMETSP1137_clean.csv,0,0,0,0,0,0,0,0,0,0,0,0
kofamscan/ko_tables/mannitol/MMETSP0973_clean.csv,0,0,0,0,0,0,0,0,0,0,0,0
kofamscan/ko_tables/mannitol/MMETSP0413_clean.csv,0,0,0,0,0,0,0,0,0,0,0,0
kofamscan/ko_tables/mannitol/MMETSP0200_clean.csv,0,0,0,0,0,0,0,0,0,0,0,0
kofamscan/ko_tables/mannitol/MMETSP1047_clean.csv,0,0,0,0,0,0,0,0,0,0,0,0
kofamscan/ko_tables/mannitol/MMETSP0347_clean.csv,0,0,0,0,0,0,0,0,0,0,0,0
kofamscan/ko_tables/mannitol/MMETSP1394_clean.csv,0,0,0,0,0,0,0,0,0,0,0,0
kofamscan/ko_tables/mannitol/MMETSP0096_clean.csv,0,0,0,0,0,0,0,0,0,0,0,0
kofamscan/ko_tables/mannitol/MMETSP0811_clean.csv,0,0,0,0,0,0,0,0,0,0,0,0
kofamscan/ko_tables/mannitol/MMETSP0417_clean.csv,0,0,0,0,0,0,0,0,0,0,0,0
kofamscan/ko_tables/mannitol/MMETSP0087_clean.csv,0,0,0,0,0,0,1,0,0,0,0,0
kofamscan/ko_tables/mannitol/MMETSP1117_clean.csv,0,0,0,0,0,0,0,0,0,0,0,0
kofamscan/ko_tables/mannitol/MMETSP0603_clean.csv,0,0,0,0,0,0,0,0,0,0,0,0
kofamscan/ko_tables/mannitol/MMETSP0734_clean.csv,0,0,0,0,0,0,0,0,0,0,0,0
kofamscan/ko_tables/mannitol/MMETSP0011_clean.csv,0,0,0,0,0,0,0,0,0,0,0,0
kofamscan/ko_tables/mannitol/MMETSP1401_clean.csv,0,0,0,0,0,0,0,0,0,0,0,0
kofamscan/ko_tables/mannitol/MMETSP1412_clean.csv,0,0,0,0,0,0,0,0,0,0,0,0
kofamscan/ko_tables/mannitol/MMETSP1469_clean.csv,0,0,0,0,0,0,0,0,0,0,0,0
kofamscan/ko_tables/mannitol/MMETSP1035_clean.csv,0,0,0,0,0,0,0,0,0,0,0,0
kofamscan/ko_tables/mannitol/MMETSP0938_clean.csv,0,0,0,0,0,0,0,0,0,0,0,0
kofamscan/ko_tables/mannitol/MMETSP0092_clean.csv,0,0,0,0,0,0,0,0,0,0,0,0
kofamscan/ko_tables/mannitol/MMETSP0820_clean.csv,0,0,0,0,0,0,0,0,0,0,0,0
kofamscan/ko_tables/mannitol/MMETSP0993_clean.csv,0,0,0,0,0,0,0,0,0,0,0,0
kofamscan/ko_tables/mannitol/MMETSP0909_clean.csv,0,0,0,0,0,0,0,0,0,0,0,0
kofamscan/ko_tables/mannitol/MMETSP0160_clean.csv,0,0,0,0,0,0,0,0,0,0,0,0
kofamscan/ko_tables/mannitol/MMETSP1049_clean.csv,0,0,0,0,0,0,0,0,0,0,0,0
kofamscan/ko_tables/mannitol/MMETSP1459_clean.csv,0,0,0,0,0,0,0,0,0,0,0,0
kofamscan/ko_tables/mannitol/MMETSP1388_clean.csv,0,0,0,0,0,0,0,0,0,0,0,0
kofamscan/ko_tables/mannitol/MMETSP0920_clean.csv,0,0,0,0,0,0,0,0,0,0,0,0
kofamscan/ko_tables/mannitol/MMETSP1095_clean.csv,0,0,0,0,0,0,0,0,0,0,0,0
kofamscan/ko_tables/mannitol/MMETSP0120_clean.csv,0,0,0,0,0,0,0,0,0,0,0,1
kofamscan/ko_tables/mannitol/MMETSP1151_clean.csv,0,0,0,0,0,0,0,0,0,0,0,0
kofamscan/ko_tables/mannitol/MMETSP0006_clean.csv,0,0,0,0,0,0,0,0,0,0,0,0
kofamscan/ko_tables/mannitol/MMETSP1473_clean.csv,0,0,0,0,0,0,0,0,0,0,0,0
kofamscan/ko_tables/mannitol/MMETSP0272_clean.csv,0,0,0,0,0,0,0,0,0,0,0,0
kofamscan/ko_tables/mannitol/MMETSP0899_clean.csv,0,0,0,0,0,0,0,0,0,0,0,0
kofamscan/ko_tables/mannitol/MMETSP0151_clean.csv,0,0,0,0,0,0,0,0,0,0,0,0
kofamscan/ko_tables/mannitol/MMETSP1381_clean.csv,0,0,0,0,0,0,0,0,0,0,0,0
kofamscan/ko_tables/mannitol/MMETSP0326_clean.csv,0,0,0,0,0,0,0,0,0,0,0,0
kofamscan/ko_tables/mannitol/MMETSP0912_clean.csv,0,0,0,0,0,0,0,0,0,0,0,0
kofamscan/ko_tables/mannitol/MMETSP1070_clean.csv,0,0,0,0,0,0,0,0,0,0,0,1
kofamscan/ko_tables/mannitol/MMETSP0900_clean.csv,0,0,0,0,0,0,0,0,0,0,0,0
kofamscan/ko_tables/mannitol/MMETSP0014_clean.csv,0,0,0,0,0,0,0,0,0,0,0,0
kofamscan/ko_tables/mannitol/MMETSP1400_clean.csv,0,0,0,0,0,0,0,0,0,0,0,0
kofamscan/ko_tables/mannitol/MMETSP1437_clean.csv,0,0,0,0,0,0,0,0,0,0,0,0
kofamscan/ko_tables/mannitol/MMETSP1447_clean.csv,0,0,0,0,0,0,0,0,0,0,0,0
kofamscan/ko_tables/mannitol/MMETSP0140_clean.csv,0,0,0,0,0,0,0,0,0,0,0,0
kofamscan/ko_tables/mannitol/MMETSP1161_clean.csv,0,0,0,0,0,0,0,0,0,0,0,0
kofamscan/ko_tables/mannitol/MMETSP1043_clean.csv,0,0,0,0,0,0,0,0,0,0,0,0
kofamscan/ko_tables/mannitol/MMETSP1316_clean.csv,0,0,0,0,0,0,0,0,0,0,0,0
kofamscan/ko_tables/mannitol/MMETSP1157_clean.csv,0,0,0,0,0,0,0,0,0,0,0,0
kofamscan/ko_tables/mannitol/MMETSP0790_clean.csv,0,0,0,0,0,0,0,0,0,0,0,0
kofamscan/ko_tables/mannitol/MMETSP1360_clean.csv,0,0,0,0,0,0,0,0,0,0,0,0
kofamscan/ko_tables/mannitol/MMETSP0258_clean.csv,0,0,0,0,0,0,0,0,0,0,0,0
kofamscan/ko_tables/mannitol/MMETSP0746_clean.csv,0,0,0,0,0,0,0,0,0,0,0,0
kofamscan/ko_tables/mannitol/MMETSP1420_clean.csv,0,0,0,0,0,0,0,0,0,0,0,0
kofamscan/ko_tables/mannitol/MMETSP1397_clean.csv,0,0,0,0,0,0,0,0,0,0,0,0
kofamscan/ko_tables/mannitol/MMETSP1452_clean.csv,0,0,0,0,0,0,0,0,0,0,0,0
kofamscan/ko_tables/mannitol/MMETSP1178_clean.csv,0,0,0,0,0,0,0,0,0,0,0,0
kofamscan/ko_tables/mannitol/MMETSP1115_clean.csv,0,0,0,0,0,0,0,0,0,0,0,0
kofamscan/ko_tables/mannitol/MMETSP1361_clean.csv,0,0,0,0,0,0,0,0,0,0,0,0
kofamscan/ko_tables/mannitol/MMETSP0941_clean.csv,0,0,0,0,0,0,0,0,0,0,0,0
kofamscan/ko_tables/mannitol/MMETSP0098_clean.csv,0,0,0,0,0,0,1,0,0,0,0,0
kofamscan/ko_tables/mannitol/MMETSP0924_clean.csv,0,0,0,0,0,0,0,0,0,0,0,0
kofamscan/ko_tables/mannitol/MMETSP0234_clean.csv,0,0,0,0,0,0,0,0,0,0,0,0
kofamscan/ko_tables/mannitol/MMETSP1106_clean.csv,0,0,0,0,0,0,0,0,0,0,0,0
kofamscan/ko_tables/mannitol/MMETSP0267_clean.csv,0,0,0,0,0,0,0,0,0,0,0,0
kofamscan/ko_tables/mannitol/MMETSP0091_clean.csv,0,0,0,0,0,0,0,0,0,0,0,0
kofamscan/ko_tables/mannitol/MMETSP0132_clean.csv,0,0,0,0,0,0,0,0,0,0,0,0
kofamscan/ko_tables/mannitol/MMETSP1417_clean.csv,0,0,0,0,0,0,0,0,0,0,0,0
kofamscan/ko_tables/mannitol/MMETSP1363_clean.csv,0,0,0,0,0,0,0,0,0,0,0,0
kofamscan/ko_tables/mannitol/MMETSP0316_clean.csv,0,0,0,0,0,0,0,0,0,0,0,1
kofamscan/ko_tables/mannitol/MMETSP0229_clean.csv,0,0,0,0,0,0,0,0,0,0,0,0
kofamscan/ko_tables/mannitol/MMETSP1408_clean.csv,0,0,0,0,0,0,0,0,0,0,0,0
kofamscan/ko_tables/mannitol/MMETSP0987_clean.csv,0,0,0,0,0,0,0,0,0,0,0,0
kofamscan/ko_tables/mannitol/MMETSP1333_clean.csv,0,0,0,0,0,0,0,0,0,0,0,0
kofamscan/ko_tables/mannitol/MMETSP1345_clean.csv,0,0,0,0,0,0,0,0,0,0,0,0
kofamscan/ko_tables/mannitol/MMETSP0878_clean.csv,0,0,0,0,0,0,0,0,0,0,0,0
kofamscan/ko_tables/mannitol/MMETSP1153_clean.csv,0,0,0,0,0,0,0,0,0,0,0,0
kofamscan/ko_tables/mannitol/MMETSP0288_clean.csv,0,0,0,0,0,0,0,0,0,0,0,0
kofamscan/ko_tables/mannitol/MMETSP1462_clean.csv,0,0,0,0,0,0,0,0,0,0,0,0
kofamscan/ko_tables/mannitol/MMETSP0139_clean.csv,0,0,0,0,0,0,0,0,0,0,0,0
kofamscan/ko_tables/mannitol/MMETSP1096_clean.csv,0,0,0,0,0,0,0,0,0,0,0,0
kofamscan/ko_tables/mannitol/MMETSP1418_clean.csv,0,0,0,0,0,0,0,0,0,0,0,0
kofamscan/ko_tables/mannitol/MMETSP0963_clean.csv,0,0,0,0,0,0,0,0,0,0,0,0
kofamscan/ko_tables/mannitol/MMETSP0171_clean.csv,0,0,0,0,0,0,0,0,0,0,0,0
kofamscan/ko_tables/mannitol/MMETSP0904_clean.csv,0,0,0,0,0,0,0,0,0,0,0,0
kofamscan/ko_tables/mannitol/MMETSP1040_clean.csv,0,0,0,0,0,0,0,0,0,0,0,0
kofamscan/ko_tables/mannitol/MMETSP1389_clean.csv,0,0,0,0,0,0,0,0,0,0,0,0
kofamscan/ko_tables/mannitol/MMETSP1415_clean.csv,0,0,0,0,0,0,0,0,0,0,0,0
kofamscan/ko_tables/mannitol/MMETSP0789_clean.csv,0,0,0,1,0,0,0,0,0,0,0,0
kofamscan/ko_tables/mannitol/MMETSP0169_clean.csv,0,0,0,0,0,0,0,0,0,0,0,0
kofamscan/ko_tables/mannitol/MMETSP1064_clean.csv,0,0,0,0,0,0,0,0,0,0,0,0
kofamscan/ko_tables/mannitol/MMETSP0015_clean.csv,0,0,0,0,0,0,0,0,0,0,0,0
kofamscan/ko_tables/mannitol/MMETSP1152_clean.csv,0,0,0,0,0,0,0,0,0,0,0,0
kofamscan/ko_tables/mannitol/MMETSP0106_clean.csv,0,0,0,0,0,0,0,0,0,0,0,0
kofamscan/ko_tables/mannitol/MMETSP1349_clean.csv,0,0,0,0,0,0,0,0,0,0,0,0
kofamscan/ko_tables/mannitol/MMETSP0727_clean.csv,0,0,0,0,0,0,0,0,0,0,0,1
kofamscan/ko_tables/mannitol/MMETSP1429_clean.csv,0,0,0,0,0,0,0,0,0,0,0,0
kofamscan/ko_tables/mannitol/MMETSP0911_clean.csv,0,0,0,0,0,0,0,0,0,0,0,0
kofamscan/ko_tables/mannitol/MMETSP0717_clean.csv,0,0,0,0,0,0,0,0,0,0,0,0
kofamscan/ko_tables/mannitol/MMETSP0901_clean.csv,0,0,0,0,0,0,0,0,0,0,0,0
kofamscan/ko_tables/mannitol/MMETSP0111_clean.csv,0,0,0,0,0,0,0,0,0,0,0,0
kofamscan/ko_tables/mannitol/MMETSP0411_clean.csv,0,0,0,0,0,0,0,0,0,0,0,0
kofamscan/ko_tables/mannitol/MMETSP0317_clean.csv,0,0,0,0,0,0,0,0,0,0,0,0
kofamscan/ko_tables/mannitol/MMETSP1148_clean.csv,0,0,0,0,0,0,0,0,0,0,0,0
kofamscan/ko_tables/mannitol/MMETSP0957_clean.csv,0,0,0,0,0,0,0,0,0,0,0,0
kofamscan/ko_tables/mannitol/MMETSP0914_clean.csv,0,0,0,0,0,0,0,0,0,0,0,0
kofamscan/ko_tables/mannitol/MMETSP0738_clean.csv,0,1,1,0,1,1,0,0,0,0,0,0
kofamscan/ko_tables/mannitol/MMETSP0010_clean.csv,0,0,0,0,0,0,0,0,0,0,0,0
kofamscan/ko_tables/mannitol/MMETSP0056_clean.csv,0,0,0,0,0,0,0,0,0,0,0,0
kofamscan/ko_tables/mannitol/MMETSP0595_clean.csv,0,0,0,0,0,0,0,0,0,0,0,0
kofamscan/ko_tables/mannitol/MMETSP0116_clean.csv,0,0,0,0,0,0,0,0,0,0,0,1
kofamscan/ko_tables/mannitol/MMETSP0368_clean.csv,0,0,0,0,0,0,0,0,0,0,0,0
kofamscan/ko_tables/mannitol/MMETSP1156_clean.csv,0,0,0,0,0,0,0,0,0,0,0,0
kofamscan/ko_tables/mannitol/MMETSP0881_clean.csv,0,0,0,0,0,0,0,0,0,0,0,0
kofamscan/ko_tables/mannitol/MMETSP0114_clean.csv,0,0,0,0,0,0,0,0,0,0,0,0
kofamscan/ko_tables/mannitol/MMETSP0706_clean.csv,0,1,1,0,0,1,0,0,0,0,0,0
kofamscan/ko_tables/mannitol/MMETSP0802_clean.csv,0,0,0,0,0,0,0,0,0,0,0,0
kofamscan/ko_tables/mannitol/MMETSP0371_clean.csv,0,0,0,0,0,0,0,0,0,0,0,0
kofamscan/ko_tables/mannitol/MMETSP1426_clean.csv,0,0,0,0,0,0,0,0,0,0,0,0
kofamscan/ko_tables/mannitol/MMETSP1173_clean.csv,0,0,0,0,0,0,0,0,0,0,0,0
kofamscan/ko_tables/mannitol/MMETSP0726_clean.csv,0,0,0,0,0,0,0,0,0,0,0,1
kofamscan/ko_tables/mannitol/MMETSP1330_clean.csv,0,0,0,0,0,0,0,0,0,0,0,0
kofamscan/ko_tables/mannitol/MMETSP0807_clean.csv,0,0,0,0,0,0,0,0,0,0,0,0
kofamscan/ko_tables/mannitol/MMETSP0125_clean.csv,0,0,0,0,0,0,0,0,0,0,0,0
kofamscan/ko_tables/mannitol/MMETSP1370_clean.csv,0,0,0,0,0,0,0,0,0,0,0,0
kofamscan/ko_tables/mannitol/MMETSP0033_clean.csv,0,0,0,0,0,0,0,0,0,0,0,0
kofamscan/ko_tables/mannitol/MMETSP0109_clean.csv,0,0,0,0,0,0,0,0,0,0,0,0
kofamscan/ko_tables/mannitol/MMETSP1329_clean.csv,0,0,0,0,0,1,0,0,0,0,0,0
kofamscan/ko_tables/mannitol/MMETSP0057_clean.csv,0,0,0,0,0,0,0,0,0,0,0,0
kofamscan/ko_tables/mannitol/MMETSP0990_clean.csv,0,0,0,0,0,0,0,0,0,0,0,0
kofamscan/ko_tables/mannitol/MMETSP1107_clean.csv,0,0,0,0,0,0,0,0,0,0,0,0
kofamscan/ko_tables/mannitol/MMETSP0766_clean.csv,0,0,0,0,0,0,0,0,0,0,0,0
kofamscan/ko_tables/mannitol/MMETSP1435_clean.csv,0,0,0,0,0,0,0,0,0,0,0,0
kofamscan/ko_tables/mannitol/MMETSP1416_clean.csv,0,0,0,0,0,0,0,0,0,0,0,0
kofamscan/ko_tables/mannitol/MMETSP0469_clean.csv,0,0,0,0,0,0,0,0,0,0,0,0
kofamscan/ko_tables/mannitol/MMETSP1038_clean.csv,0,0,0,0,0,0,0,0,0,0,0,0
kofamscan/ko_tables/mannitol/MMETSP0998_clean.csv,0,0,0,0,0,0,0,0,0,0,0,0
kofamscan/ko_tables/mannitol/MMETSP0988_clean.csv,0,0,0,0,0,0,0,0,0,0,0,0
kofamscan/ko_tables/mannitol/MMETSP1445_clean.csv,0,0,0,1,0,0,0,0,0,1,0,1
kofamscan/ko_tables/mannitol/MMETSP0562_clean.csv,0,0,0,0,0,0,0,0,0,0,0,0
kofamscan/ko_tables/mannitol/MMETSP1443_clean.csv,0,0,0,0,0,0,0,0,0,0,0,0
kofamscan/ko_tables/mannitol/MMETSP0983_clean.csv,0,0,0,0,0,0,0,0,0,0,0,0
kofamscan/ko_tables/mannitol/MMETSP0817_clean.csv,0,0,0,0,0,0,0,0,0,0,0,0
kofamscan/ko_tables/mannitol/MMETSP0733_clean.csv,0,0,0,0,0,0,0,0,0,0,0,0
kofamscan/ko_tables/mannitol/MMETSP1177_clean.csv,0,0,0,0,0,0,0,0,0,0,0,0
kofamscan/ko_tables/mannitol/MMETSP0698_clean.csv,0,0,0,0,0,0,0,0,0,1,0,1
kofamscan/ko_tables/mannitol/MMETSP0110_clean.csv,0,0,0,0,0,0,0,0,0,0,0,1
kofamscan/ko_tables/mannitol/MMETSP0753_clean.csv,0,0,0,0,0,0,0,0,0,0,0,0
kofamscan/ko_tables/mannitol/MMETSP1016_clean.csv,0,0,0,0,0,0,0,0,0,0,0,0
kofamscan/ko_tables/mannitol/MMETSP0449_clean.csv,0,0,0,0,0,0,0,0,0,0,0,0
kofamscan/ko_tables/mannitol/MMETSP1105_clean.csv,0,0,0,0,0,0,0,0,0,0,0,0
kofamscan/ko_tables/mannitol/MMETSP1463_clean.csv,0,0,0,0,0,0,0,0,0,0,0,0
kofamscan/ko_tables/mannitol/MMETSP0962_clean.csv,0,0,0,0,0,0,0,0,0,0,0,0
kofamscan/ko_tables/mannitol/MMETSP1098_clean.csv,0,0,0,0,0,0,0,0,0,0,0,0
kofamscan/ko_tables/mannitol/MMETSP1441_clean.csv,0,0,0,0,0,0,0,0,0,0,0,0
kofamscan/ko_tables/mannitol/MMETSP1074_clean.csv,0,0,0,0,0,0,0,0,0,0,0,0
kofamscan/ko_tables/mannitol/MMETSP0908_clean.csv,0,0,0,0,0,0,0,0,0,0,0,0
kofamscan/ko_tables/mannitol/MMETSP0484_clean.csv,0,0,0,0,0,0,0,0,0,0,0,0
kofamscan/ko_tables/mannitol/MMETSP0044_clean.csv,0,0,0,0,0,0,0,0,0,0,0,0
kofamscan/ko_tables/mannitol/MMETSP0795_clean.csv,0,0,0,0,0,0,0,0,0,0,0,0
kofamscan/ko_tables/mannitol/MMETSP1362_clean.csv,0,0,0,0,0,0,0,0,0,0,0,0
kofamscan/ko_tables/mannitol/MMETSP1041_clean.csv,0,0,0,0,0,0,0,0,0,0,0,0
kofamscan/ko_tables/mannitol/MMETSP0403_clean.csv,0,0,0,0,0,0,0,0,0,0,0,0
kofamscan/ko_tables/mannitol/MMETSP0949_clean.csv,0,0,0,0,0,0,0,0,0,0,0,0
kofamscan/ko_tables/mannitol/MMETSP1010_clean.csv,0,0,0,0,0,0,0,0,0,0,0,0
kofamscan/ko_tables/mannitol/MMETSP1353_clean.csv,0,0,0,0,0,0,0,0,0,0,0,0
kofamscan/ko_tables/mannitol/MMETSP0150_clean.csv,0,0,0,0,0,0,0,0,0,0,0,0
kofamscan/ko_tables/mannitol/MMETSP0893_clean.csv,0,0,0,0,0,0,0,0,0,0,0,0
kofamscan/ko_tables/mannitol/MMETSP0294_clean.csv,0,0,0,0,0,0,0,0,0,0,0,0
kofamscan/ko_tables/mannitol/MMETSP0145_clean.csv,0,0,0,0,0,0,0,0,0,0,0,0
kofamscan/ko_tables/mannitol/MMETSP1405_clean.csv,0,0,0,0,0,0,0,0,0,0,0,0
kofamscan/ko_tables/mannitol/MMETSP0046_clean.csv,0,0,0,0,0,0,0,0,0,0,0,0
kofamscan/ko_tables/mannitol/MMETSP1083_clean.csv,0,0,0,0,0,0,0,0,0,0,0,0
kofamscan/ko_tables/mannitol/MMETSP0724_clean.csv,0,0,0,0,0,0,0,0,0,0,0,1
kofamscan/ko_tables/mannitol/MMETSP0472_clean.csv,0,0,0,0,0,0,0,0,0,0,0,1
kofamscan/ko_tables/mannitol/MMETSP1352_clean.csv,0,0,0,0,0,0,0,0,0,0,0,0
kofamscan/ko_tables/mannitol/MMETSP1364_clean.csv,0,0,0,0,0,0,0,0,0,0,0,0
kofamscan/ko_tables/mannitol/MMETSP0174_clean.csv,0,0,0,0,0,0,0,0,0,0,0,0
kofamscan/ko_tables/mannitol/MMETSP1365_clean.csv,0,0,0,0,0,0,0,0,0,0,0,0
kofamscan/ko_tables/mannitol/MMETSP0971_clean.csv,0,0,0,0,0,0,0,0,0,0,0,0
kofamscan/ko_tables/mannitol/MMETSP0896_clean.csv,0,0,0,0,0,0,0,0,0,0,0,0
kofamscan/ko_tables/mannitol/MMETSP0879_clean.csv,0,0,0,0,0,0,0,0,0,0,0,0
kofamscan/ko_tables/mannitol/MMETSP1359_clean.csv,0,0,0,0,0,0,0,0,0,0,0,1
kofamscan/ko_tables/mannitol/MMETSP0972_clean.csv,0,0,0,0,0,0,0,0,0,0,0,0
kofamscan/ko_tables/mannitol/MMETSP1323_clean.csv,0,0,0,0,0,0,0,0,0,0,0,0
kofamscan/ko_tables/mannitol/MMETSP0156_clean.csv,0,0,0,0,0,0,0,0,0,0,0,0
kofamscan/ko_tables/mannitol/MMETSP0142_clean.csv,0,0,0,0,0,0,0,0,0,0,0,0
kofamscan/ko_tables/mannitol/MMETSP0123_clean.csv,0,0,0,0,0,0,0,0,0,0,0,0
kofamscan/ko_tables/mannitol/MMETSP0107_clean.csv,0,0,0,0,0,0,0,0,0,0,0,0
kofamscan/ko_tables/mannitol/MMETSP1367_clean.csv,0,0,0,0,0,0,0,0,0,0,0,0
kofamscan/ko_tables/mannitol/MMETSP0029_clean.csv,0,0,0,0,0,0,0,0,0,0,0,0
kofamscan/ko_tables/mannitol/MMETSP1324_clean.csv,0,0,0,0,0,0,0,0,0,0,0,0
kofamscan/ko_tables/mannitol/MMETSP0916_clean.csv,0,0,0,0,0,0,0,0,0,0,0,0
kofamscan/ko_tables/mannitol/MMETSP0108_clean.csv,0,0,0,0,0,0,0,0,0,0,0,0
kofamscan/ko_tables/mannitol/MMETSP0027_clean.csv,0,0,0,0,0,0,0,0,0,0,0,0
kofamscan/ko_tables/mannitol/MMETSP0251_clean.csv,0,0,0,0,0,0,0,0,0,0,0,0
kofamscan/ko_tables/mannitol/MMETSP1018_clean.csv,0,0,0,0,0,0,0,0,0,0,0,0
kofamscan/ko_tables/mannitol/MMETSP1089_clean.csv,0,0,0,0,0,0,0,0,0,0,0,0
kofamscan/ko_tables/mannitol/MMETSP1369_clean.csv,0,0,0,0,0,0,0,0,0,0,0,0
kofamscan/ko_tables/mannitol/MMETSP1144_clean.csv,0,0,0,0,0,0,0,0,0,0,0,0
kofamscan/ko_tables/mannitol/MMETSP1143_clean.csv,0,0,0,0,0,0,0,0,0,0,0,0
kofamscan/ko_tables/mannitol/MMETSP0944_clean.csv,0,0,0,0,0,0,0,0,0,0,0,0
kofamscan/ko_tables/mannitol/MMETSP1310_clean.csv,0,0,0,0,0,0,0,0,0,0,0,0
kofamscan/ko_tables/mannitol/MMETSP0382_clean.csv,0,0,0,0,0,0,0,0,0,0,0,0
kofamscan/ko_tables/mannitol/MMETSP1402_clean.csv,0,0,0,0,0,0,0,0,0,0,0,0
kofamscan/ko_tables/mannitol/MMETSP1315_clean.csv,0,0,0,0,0,0,0,0,0,0,0,0
kofamscan/ko_tables/mannitol/MMETSP0956_clean.csv,0,0,0,0,0,0,0,0,0,0,0,0
kofamscan/ko_tables/mannitol/MMETSP0166_clean.csv,0,0,0,0,0,0,0,0,0,0,0,0
kofamscan/ko_tables/mannitol/MMETSP0939_clean.csv,0,0,0,0,0,0,0,0,0,0,0,0
kofamscan/ko_tables/mannitol/MMETSP1140_clean.csv,0,0,0,0,0,0,0,0,0,0,0,0
kofamscan/ko_tables/mannitol/MMETSP1377_clean.csv,0,0,0,0,0,0,0,0,0,0,0,0
kofamscan/ko_tables/mannitol/MMETSP1434_clean.csv,0,0,0,0,0,0,0,0,0,0,0,0
kofamscan/ko_tables/mannitol/MMETSP0121_clean.csv,0,0,0,0,0,0,0,0,0,0,0,0
kofamscan/ko_tables/mannitol/MMETSP1390_clean.csv,0,0,0,0,0,0,0,0,0,0,0,0
kofamscan/ko_tables/mannitol/MMETSP0994_clean.csv,0,0,0,0,0,0,0,0,0,0,0,0
kofamscan/ko_tables/mannitol/MMETSP1012_clean.csv,0,0,0,0,0,0,0,0,0,0,0,0
kofamscan/ko_tables/mannitol/MMETSP0047_clean.csv,0,0,0,0,0,0,0,0,0,0,0,0
kofamscan/ko_tables/mannitol/MMETSP0410_clean.csv,0,0,0,0,0,0,0,0,0,0,0,0
kofamscan/ko_tables/mannitol/MMETSP0295_clean.csv,0,0,0,0,0,0,0,0,0,0,0,0
kofamscan/ko_tables/mannitol/MMETSP0803_clean.csv,0,0,0,0,0,0,0,0,0,0,0,0
kofamscan/ko_tables/mannitol/MMETSP1066_clean.csv,0,0,0,0,0,0,0,0,0,0,0,0
kofamscan/ko_tables/mannitol/MMETSP0814_clean.csv,0,0,0,0,0,0,0,0,0,0,0,0
kofamscan/ko_tables/mannitol/MMETSP0697_clean.csv,0,0,0,0,0,0,0,0,0,0,0,1
kofamscan/ko_tables/mannitol/MMETSP0228_clean.csv,0,0,0,0,0,0,0,0,0,0,0,0
kofamscan/ko_tables/mannitol/MMETSP0725_clean.csv,0,0,0,0,0,0,0,0,0,0,0,1
kofamscan/ko_tables/mannitol/MMETSP0492_clean.csv,0,0,0,0,0,0,0,0,0,0,0,0
kofamscan/ko_tables/mannitol/MMETSP1065_clean.csv,0,0,0,0,0,0,0,0,0,0,0,1
kofamscan/ko_tables/mannitol/MMETSP1006_clean.csv,0,0,0,0,0,0,0,0,0,0,0,0
kofamscan/ko_tables/mannitol/MMETSP0143_clean.csv,0,0,0,0,0,0,0,0,0,0,0,0
kofamscan/ko_tables/mannitol/MMETSP1033_clean.csv,0,0,0,0,0,0,0,0,0,0,0,0
kofamscan/ko_tables/mannitol/MMETSP0974_clean.csv,0,0,0,0,0,0,0,0,0,0,0,0
kofamscan/ko_tables/mannitol/MMETSP1147_clean.csv,0,0,0,0,0,0,0,0,0,0,0,0
kofamscan/ko_tables/mannitol/MMETSP1404_clean.csv,0,0,0,0,0,0,0,0,0,0,0,0
kofamscan/ko_tables/mannitol/MMETSP1048_clean.csv,0,0,0,0,0,0,0,0,0,0,0,0
kofamscan/ko_tables/mannitol/MMETSP0970_clean.csv,0,0,0,0,0,0,0,0,0,0,0,0
kofamscan/ko_tables/mannitol/MMETSP0747_clean.csv,0,0,0,0,0,0,0,0,0,0,0,0
kofamscan/ko_tables/mannitol/MMETSP0020_clean.csv,0,0,0,0,0,0,0,0,0,0,0,0
kofamscan/ko_tables/mannitol/MMETSP0019_clean.csv,0,0,0,0,0,0,0,0,0,0,0,0
kofamscan/ko_tables/mannitol/MMETSP0216_clean.csv,0,0,0,0,0,0,0,0,0,0,0,0
kofamscan/ko_tables/mannitol/MMETSP1170_clean.csv,0,0,0,0,0,0,0,0,0,0,0,0
kofamscan/ko_tables/mannitol/MMETSP0031_clean.csv,0,0,0,0,0,0,0,0,0,0,0,0
kofamscan/ko_tables/mannitol/MMETSP1328_clean.csv,0,0,0,0,0,0,0,0,0,0,0,0
kofamscan/ko_tables/mannitol/MMETSP1175_clean.csv,0,0,0,0,0,0,0,0,0,0,0,1
kofamscan/ko_tables/mannitol/MMETSP0985_clean.csv,0,0,0,0,0,0,0,0,0,0,0,0
kofamscan/ko_tables/mannitol/MMETSP0936_clean.csv,0,0,0,0,0,0,0,0,0,0,0,0
kofamscan/ko_tables/mannitol/MMETSP1129_clean.csv,0,0,0,0,0,0,0,0,0,0,0,0
kofamscan/ko_tables/mannitol/MMETSP1102_clean.csv,0,0,0,0,0,0,0,0,0,0,0,0
kofamscan/ko_tables/mannitol/MMETSP0232_clean.csv,0,0,0,0,0,0,0,0,0,0,0,0
kofamscan/ko_tables/mannitol/MMETSP0127_clean.csv,0,0,0,0,0,0,0,0,0,0,0,0
kofamscan/ko_tables/mannitol/MMETSP0491_clean.csv,0,0,0,0,0,0,0,0,0,0,0,0
kofamscan/ko_tables/mannitol/MMETSP0167_clean.csv,0,0,0,0,0,0,0,0,0,0,0,0
kofamscan/ko_tables/mannitol/MMETSP1335_clean.csv,0,0,0,0,0,0,0,0,0,0,0,0
kofamscan/ko_tables/mannitol/MMETSP0897_clean.csv,0,0,0,0,0,0,0,0,0,0,0,0
kofamscan/ko_tables/mannitol/MMETSP0708_clean.csv,0,1,1,0,0,0,0,0,0,0,0,0
kofamscan/ko_tables/mannitol/MMETSP0528_clean.csv,0,0,0,0,0,0,0,0,0,0,0,0
kofamscan/ko_tables/mannitol/MMETSP0101_clean.csv,0,0,0,0,0,0,0,0,0,0,0,0
kofamscan/ko_tables/mannitol/MMETSP0235_clean.csv,0,0,0,0,0,0,0,0,0,0,0,0
kofamscan/ko_tables/mannitol/MMETSP0196_clean.csv,0,0,0,0,0,0,0,0,0,0,0,0
kofamscan/ko_tables/mannitol/MMETSP0752_clean.csv,0,0,0,0,0,0,0,0,0,0,0,0
kofamscan/ko_tables/mannitol/MMETSP0948_clean.csv,0,0,0,0,0,0,0,0,0,0,0,0
kofamscan/ko_tables/mannitol/MMETSP0648_clean.csv,0,0,0,0,0,0,0,0,0,0,0,0
kofamscan/ko_tables/mannitol/MMETSP0905_clean.csv,0,0,0,0,0,0,0,0,0,0,0,0
kofamscan/ko_tables/mannitol/MMETSP1164_clean.csv,0,0,0,0,0,0,0,0,0,0,0,0
kofamscan/ko_tables/mannitol/MMETSP0190_clean.csv,0,0,0,0,0,0,0,0,0,0,0,0
kofamscan/ko_tables/mannitol/MMETSP0161_clean.csv,0,0,0,0,0,0,0,0,0,0,0,0
kofamscan/ko_tables/mannitol/MMETSP0090_clean.csv,0,0,0,0,0,0,0,0,0,0,0,0
kofamscan/ko_tables/mannitol/MMETSP0895_clean.csv,0,0,0,0,0,0,0,0,0,0,0,0
kofamscan/ko_tables/mannitol/MMETSP0946_clean.csv,0,0,0,0,0,0,0,0,0,0,0,0
kofamscan/ko_tables/mannitol/MMETSP0943_clean.csv,0,0,0,0,0,0,0,0,0,0,0,0
kofamscan/ko_tables/mannitol/MMETSP0439_clean.csv,0,0,0,0,0,0,0,0,0,0,0,0
kofamscan/ko_tables/mannitol/MMETSP0053_clean.csv,0,0,0,0,0,0,0,0,0,0,0,0
kofamscan/ko_tables/mannitol/MMETSP0030_clean.csv,0,0,0,0,0,0,0,0,0,0,0,0
kofamscan/ko_tables/mannitol/MMETSP0886_clean.csv,0,0,0,0,0,0,0,0,0,0,0,0
kofamscan/ko_tables/mannitol/MMETSP0735_clean.csv,0,0,0,0,0,0,0,0,0,0,0,0
kofamscan/ko_tables/mannitol/MMETSP1423_clean.csv,0,0,0,0,0,0,0,0,0,0,0,0
kofamscan/ko_tables/mannitol/MMETSP1356_clean.csv,0,0,0,0,0,0,0,0,0,0,0,0
kofamscan/ko_tables/mannitol/MMETSP1451_clean.csv,0,0,0,0,0,0,0,0,0,0,0,0
kofamscan/ko_tables/mannitol/MMETSP1334_clean.csv,0,0,0,0,0,0,0,0,0,0,0,0
kofamscan/ko_tables/mannitol/MMETSP1327_clean.csv,0,0,0,0,0,0,0,0,0,0,0,0
kofamscan/ko_tables/mannitol/MMETSP1116_clean.csv,0,0,0,0,0,0,0,0,0,0,0,0
kofamscan/ko_tables/mannitol/MMETSP0313_clean.csv,0,0,0,0,0,0,0,0,0,0,0,0
kofamscan/ko_tables/mannitol/MMETSP0580_clean.csv,0,0,0,0,0,0,0,0,0,0,0,0
kofamscan/ko_tables/mannitol/MMETSP0315_clean.csv,0,0,0,0,0,0,0,0,0,0,0,0
kofamscan/ko_tables/mannitol/MMETSP0958_clean.csv,0,0,0,0,0,0,1,0,0,0,0,0
kofamscan/ko_tables/mannitol/MMETSP0915_clean.csv,0,0,0,0,0,0,0,0,0,0,0,0
kofamscan/ko_tables/mannitol/MMETSP1167_clean.csv,0,0,0,0,0,0,0,0,0,0,0,0
kofamscan/ko_tables/mannitol/MMETSP1468_clean.csv,0,0,0,1,0,0,0,0,0,1,0,1
kofamscan/ko_tables/mannitol/MMETSP0806_clean.csv,0,0,0,0,0,0,0,0,0,0,0,0
kofamscan/ko_tables/mannitol/MMETSP0903_clean.csv,0,0,0,0,0,0,0,0,0,0,0,0
kofamscan/ko_tables/mannitol/MMETSP1391_clean.csv,0,0,0,0,0,0,0,0,0,0,0,0
kofamscan/ko_tables/mannitol/MMETSP1142_clean.csv,0,0,0,0,0,0,0,0,0,0,0,0
kofamscan/ko_tables/mannitol/MMETSP0369_clean.csv,0,0,0,0,0,0,0,0,0,0,0,0
kofamscan/ko_tables/mannitol/MMETSP0414_clean.csv,0,0,0,0,0,0,0,0,0,0,0,0
kofamscan/ko_tables/mannitol/MMETSP1138_clean.csv,0,0,0,0,0,0,0,0,0,0,0,0
kofamscan/ko_tables/mannitol/MMETSP0707_clean.csv,0,0,0,0,0,0,0,0,0,0,0,0
kofamscan/ko_tables/mannitol/MMETSP0314_clean.csv,0,0,0,0,0,0,0,0,0,0,0,0
kofamscan/ko_tables/mannitol/MMETSP1410_clean.csv,0,0,0,0,0,0,0,0,0,0,0,0
kofamscan/ko_tables/mannitol/MMETSP0152_clean.csv,0,0,0,0,0,0,0,0,0,0,0,0
kofamscan/ko_tables/mannitol/MMETSP0321_clean.csv,0,0,0,0,0,0,0,0,0,0,0,0
kofamscan/ko_tables/mannitol/MMETSP0201_clean.csv,0,0,0,0,0,0,0,0,0,0,0,0
kofamscan/ko_tables/mannitol/MMETSP0882_clean.csv,0,0,0,0,0,0,0,0,0,0,0,0
kofamscan/ko_tables/mannitol/MMETSP1456_clean.csv,0,0,0,0,0,0,0,0,0,0,0,0
kofamscan/ko_tables/mannitol/MMETSP0503_clean.csv,0,0,0,0,0,0,0,0,0,0,0,0
kofamscan/ko_tables/mannitol/MMETSP0158_clean.csv,0,0,0,0,0,0,0,0,0,0,0,0
kofamscan/ko_tables/mannitol/MMETSP0463_clean.csv,0,0,0,0,0,0,0,0,0,0,0,0
kofamscan/ko_tables/mannitol/MMETSP0804_clean.csv,0,0,0,0,0,0,0,0,0,0,0,0
kofamscan/ko_tables/mannitol/MMETSP1424_clean.csv,0,0,0,0,0,0,0,0,0,0,0,0
kofamscan/ko_tables/mannitol/MMETSP0325_clean.csv,0,0,0,0,0,0,0,0,0,0,0,0
kofamscan/ko_tables/mannitol/MMETSP1009_clean.csv,0,0,0,0,0,0,0,0,0,0,0,0
kofamscan/ko_tables/mannitol/MMETSP1094_clean.csv,0,0,0,0,0,0,0,0,0,0,0,0
kofamscan/ko_tables/mannitol/MMETSP0370_clean.csv,0,0,0,0,0,0,0,0,0,0,0,0
kofamscan/ko_tables/mannitol/MMETSP0405_clean.csv,0,0,0,0,0,0,0,0,0,0,0,0
kofamscan/ko_tables/mannitol/MMETSP0009_clean.csv,0,0,0,0,0,0,0,0,0,0,0,0
kofamscan/ko_tables/mannitol/MMETSP1034_clean.csv,0,0,0,0,0,0,0,0,0,0,0,0
kofamscan/ko_tables/mannitol/MMETSP0448_clean.csv,0,0,0,0,0,0,0,0,0,0,0,0
kofamscan/ko_tables/mannitol/MMETSP0982_clean.csv,0,0,0,0,0,0,0,0,0,0,0,0
kofamscan/ko_tables/mannitol/MMETSP0758_clean.csv,0,0,0,0,0,0,0,0,0,0,0,0
kofamscan/ko_tables/mannitol/MMETSP1084_clean.csv,0,0,0,0,0,0,0,0,0,0,0,0
kofamscan/ko_tables/mannitol/MMETSP1339_clean.csv,0,0,0,0,0,0,0,0,0,0,0,0
kofamscan/ko_tables/mannitol/MMETSP0164_clean.csv,0,0,0,0,0,0,0,0,0,0,0,0
kofamscan/ko_tables/mannitol/MMETSP0740_clean.csv,0,1,0,0,0,0,0,0,0,0,0,0
kofamscan/ko_tables/mannitol/MMETSP0268_clean.csv,0,0,0,0,0,0,0,0,0,0,0,0
kofamscan/ko_tables/mannitol/MMETSP1309_clean.csv,0,0,0,0,0,0,0,0,0,0,0,0
kofamscan/ko_tables/mannitol/MMETSP0287_clean.csv,0,0,0,0,0,0,0,0,0,0,0,0
kofamscan/ko_tables/mannitol/MMETSP0884_clean.csv,0,0,0,0,0,1,0,0,0,0,0,0
kofamscan/ko_tables/mannitol/MMETSP1163_clean.csv,0,0,0,0,0,0,0,0,0,0,0,0
kofamscan/ko_tables/mannitol/MMETSP0997_clean.csv,0,0,0,0,0,0,0,0,0,0,0,0
kofamscan/ko_tables/mannitol/MMETSP1136_clean.csv,0,0,0,0,0,0,0,0,0,0,0,0
kofamscan/ko_tables/mannitol/MMETSP0384_clean.csv,0,0,0,0,0,0,0,0,0,0,0,0
kofamscan/ko_tables/mannitol/MMETSP0989_clean.csv,0,0,0,0,0,0,0,0,0,0,0,0
kofamscan/ko_tables/mannitol/MMETSP0191_clean.csv,0,0,0,0,0,0,0,0,0,0,0,0
kofamscan/ko_tables/mannitol/MMETSP0043_clean.csv,0,0,0,0,0,0,0,0,0,0,0,0
kofamscan/ko_tables/mannitol/MMETSP1124_clean.csv,0,0,0,0,0,0,0,0,0,0,0,0
kofamscan/ko_tables/mannitol/MMETSP1311_clean.csv,0,0,0,0,0,0,0,0,0,0,0,0
kofamscan/ko_tables/mannitol/MMETSP0319_clean.csv,0,0,0,0,0,0,0,0,0,0,0,0
kofamscan/ko_tables/mannitol/MMETSP0045_clean.csv,0,0,0,0,0,0,0,0,0,0,0,1
kofamscan/ko_tables/mannitol/MMETSP1166_clean.csv,0,0,0,0,0,0,0,0,0,0,0,0
kofamscan/ko_tables/mannitol/MMETSP1440_clean.csv,0,0,0,0,0,0,0,0,0,0,0,0
kofamscan/ko_tables/mannitol/MMETSP1071_clean.csv,0,0,0,0,0,0,0,0,0,0,0,0
kofamscan/ko_tables/mannitol/MMETSP0850_clean.csv,0,0,0,0,0,0,0,0,0,0,0,0
kofamscan/ko_tables/mannitol/MMETSP0113_clean.csv,0,0,0,0,0,0,0,0,0,0,0,1
kofamscan/ko_tables/mannitol/MMETSP1180_clean.csv,0,0,0,0,0,0,0,0,0,0,0,0
kofamscan/ko_tables/mannitol/MMETSP0103_clean.csv,0,0,0,0,0,0,0,0,0,0,0,0
kofamscan/ko_tables/mannitol/MMETSP0126_clean.csv,0,0,0,0,0,0,0,0,0,0,0,0
kofamscan/ko_tables/mannitol/MMETSP1354_clean.csv,0,0,0,0,0,0,0,0,0,0,0,0
kofamscan/ko_tables/mannitol/MMETSP0468_clean.csv,0,0,0,0,0,0,0,0,0,0,0,0
kofamscan/ko_tables/mannitol/MMETSP0954_clean.csv,0,0,0,0,0,0,0,0,0,0,0,0
kofamscan/ko_tables/mannitol/MMETSP1054_clean.csv,0,0,0,0,0,0,0,0,0,0,0,1
kofamscan/ko_tables/mannitol/MMETSP0397_clean.csv,0,0,0,0,0,0,0,0,0,0,0,0
kofamscan/ko_tables/mannitol/MMETSP1122_clean.csv,0,0,0,0,0,0,0,0,0,0,0,0
kofamscan/ko_tables/mannitol/MMETSP1320_clean.csv,0,0,0,0,0,0,0,0,0,0,0,0
kofamscan/ko_tables/mannitol/MMETSP1081_clean.csv,0,0,0,1,0,0,0,0,0,1,0,1
kofamscan/ko_tables/mannitol/MMETSP0206_clean.csv,0,0,0,0,0,0,0,0,0,0,0,0
kofamscan/ko_tables/mannitol/MMETSP0039_clean.csv,0,0,0,1,0,0,0,0,0,0,0,0
kofamscan/ko_tables/mannitol/MMETSP0815_clean.csv,0,0,0,0,0,0,0,0,0,0,0,0
kofamscan/ko_tables/mannitol/MMETSP0040_clean.csv,0,0,0,0,0,0,0,0,0,0,0,1
kofamscan/ko_tables/mannitol/MMETSP0359_clean.csv,0,0,0,0,0,0,0,0,0,0,0,0
kofamscan/ko_tables/mannitol/MMETSP0784_clean.csv,0,0,0,0,0,0,0,0,0,0,0,0
kofamscan/ko_tables/mannitol/MMETSP0223_clean.csv,0,0,0,0,0,0,0,0,0,0,0,0
kofamscan/ko_tables/mannitol/MMETSP1386_clean.csv,0,0,0,0,0,0,0,0,0,0,0,0
kofamscan/ko_tables/mannitol/MMETSP0785_clean.csv,0,0,0,0,0,0,0,0,0,0,0,0
kofamscan/ko_tables/mannitol/MMETSP0892_clean.csv,0,0,0,0,0,0,0,0,0,0,0,0
kofamscan/ko_tables/mannitol/MMETSP1393_clean.csv,0,0,0,0,0,0,0,0,0,0,0,0
kofamscan/ko_tables/mannitol/MMETSP0945_clean.csv,0,0,0,0,0,0,0,0,0,0,0,0
kofamscan/ko_tables/mannitol/MMETSP1075_clean.csv,0,0,0,0,0,0,0,0,0,0,0,0
kofamscan/ko_tables/mannitol/MMETSP1131_clean.csv,0,0,0,0,0,0,0,0,0,0,0,0
kofamscan/ko_tables/mannitol/MMETSP0327_clean.csv,0,0,0,0,0,0,0,0,0,0,0,0
kofamscan/ko_tables/mannitol/MMETSP1325_clean.csv,0,0,0,0,0,0,0,0,0,0,0,0
kofamscan/ko_tables/mannitol/MMETSP1428_clean.csv,0,0,0,0,0,0,0,0,0,0,0,0
kofamscan/ko_tables/mannitol/MMETSP0225_clean.csv,0,0,0,0,0,0,0,0,0,0,0,0
kofamscan/ko_tables/mannitol/MMETSP0329_clean.csv,0,0,0,0,0,0,0,0,0,0,0,0
kofamscan/ko_tables/mannitol/MMETSP1162_clean.csv,0,0,0,0,0,0,0,0,0,0,0,0
kofamscan/ko_tables/mannitol/MMETSP0739_clean.csv,0,0,0,0,0,0,0,0,0,0,0,0
kofamscan/ko_tables/mannitol/MMETSP0416_clean.csv,0,0,0,0,0,0,0,0,0,0,0,0
kofamscan/ko_tables/mannitol/MMETSP1347_clean.csv,0,0,0,0,0,0,0,0,0,0,0,0
kofamscan/ko_tables/mannitol/MMETSP0205_clean.csv,0,0,0,0,0,0,0,0,0,0,0,0
kofamscan/ko_tables/mannitol/MMETSP1414_clean.csv,0,0,0,0,0,0,0,0,0,0,0,0
kofamscan/ko_tables/mannitol/MMETSP0888_clean.csv,0,0,0,0,0,0,0,0,0,0,0,0
kofamscan/ko_tables/mannitol/MMETSP0052_clean.csv,0,0,0,0,0,0,0,0,0,0,0,0
kofamscan/ko_tables/mannitol/MMETSP0018_clean.csv,0,0,0,0,0,0,0,0,0,0,0,0
kofamscan/ko_tables/mannitol/MMETSP0008_clean.csv,0,0,0,0,0,0,0,0,0,0,0,0
kofamscan/ko_tables/mannitol/MMETSP1346_clean.csv,0,0,0,0,0,0,0,0,0,0,0,0
kofamscan/ko_tables/mannitol/MMETSP0233_clean.csv,0,0,0,0,0,0,0,0,0,0,0,0
kofamscan/ko_tables/mannitol/MMETSP0118_clean.csv,0,0,0,0,0,0,0,0,0,0,0,1
kofamscan/ko_tables/mannitol/MMETSP1141_clean.csv,0,0,0,0,0,0,0,0,0,0,0,0
kofamscan/ko_tables/mannitol/MMETSP0208_clean.csv,0,0,0,0,0,0,0,0,0,0,0,0
kofamscan/ko_tables/mannitol/MMETSP0883_clean.csv,0,0,0,0,0,1,0,0,0,0,0,0
kofamscan/ko_tables/mannitol/MMETSP0918_clean.csv,0,0,0,0,0,0,0,0,0,0,0,0
kofamscan/ko_tables/mannitol/MMETSP1015_clean.csv,0,0,0,0,0,0,0,0,0,0,0,0
kofamscan/ko_tables/mannitol/MMETSP0147_clean.csv,0,0,0,0,0,0,0,0,0,0,0,0
kofamscan/ko_tables/mannitol/MMETSP0959_clean.csv,0,0,0,0,0,0,0,0,0,0,0,0
kofamscan/ko_tables/mannitol/MMETSP1067_clean.csv,0,0,0,0,0,0,0,0,0,0,0,0
kofamscan/ko_tables/mannitol/MMETSP1091_clean.csv,0,0,0,0,0,0,0,0,0,0,0,0
kofamscan/ko_tables/mannitol/MMETSP0013_clean.csv,0,0,0,0,0,0,0,0,0,0,0,0
kofamscan/ko_tables/mannitol/MMETSP1385_clean.csv,0,0,0,0,0,0,0,0,0,0,0,0
kofamscan/ko_tables/mannitol/MMETSP0253_clean.csv,0,0,0,0,0,0,0,0,0,0,0,0
kofamscan/ko_tables/mannitol/MMETSP1139_clean.csv,0,0,0,0,0,0,0,0,0,0,0,0
kofamscan/ko_tables/mannitol/MMETSP1348_clean.csv,0,0,0,0,0,0,0,0,0,0,0,0
kofamscan/ko_tables/mannitol/MMETSP0995_clean.csv,0,0,0,0,0,0,0,0,0,0,0,0
kofamscan/ko_tables/mannitol/MMETSP0420_clean.csv,0,0,0,0,0,0,0,0,0,0,0,0
kofamscan/ko_tables/mannitol/MMETSP0324_clean.csv,0,0,0,0,0,0,0,0,0,0,0,0
kofamscan/ko_tables/mannitol/MMETSP1318_clean.csv,0,0,0,0,0,0,0,0,0,0,0,1
kofamscan/ko_tables/mannitol/MMETSP1453_clean.csv,0,0,0,0,0,0,0,0,0,0,0,0
kofamscan/ko_tables/mannitol/MMETSP1037_clean.csv,0,0,0,0,0,0,0,0,0,0,0,0
kofamscan/ko_tables/mannitol/MMETSP1085_clean.csv,0,0,0,0,0,0,0,0,0,0,0,0
kofamscan/ko_tables/mannitol/MMETSP0119_clean.csv,0,0,0,0,0,0,0,0,0,0,0,0
kofamscan/ko_tables/mannitol/MMETSP1060_clean.csv,0,0,0,0,0,0,0,0,0,0,0,0
kofamscan/ko_tables/mannitol/MMETSP0447_clean.csv,0,0,0,0,0,0,0,0,0,0,0,0
kofamscan/ko_tables/mannitol/MMETSP0906_clean.csv,0,0,0,0,0,0,0,0,0,0,0,0
kofamscan/ko_tables/mannitol/MMETSP0937_clean.csv,0,0,0,0,0,0,0,0,0,0,0,0
kofamscan/ko_tables/mannitol/MMETSP0146_clean.csv,0,0,0,0,0,0,0,0,0,0,0,0
kofamscan/ko_tables/mannitol/MMETSP0367_clean.csv,0,0,0,0,0,0,0,0,0,0,0,0
kofamscan/ko_tables/mannitol/MMETSP0885_clean.csv,0,0,0,0,0,0,0,0,0,0,0,0
kofamscan/ko_tables/mannitol/MMETSP1358_clean.csv,0,0,0,0,0,0,0,0,0,0,0,1
kofamscan/ko_tables/mannitol/MMETSP0745_clean.csv,0,0,0,0,0,0,0,0,0,0,0,1
kofamscan/ko_tables/mannitol/MMETSP0975_clean.csv,0,0,0,0,0,0,0,0,0,0,0,0
kofamscan/ko_tables/mannitol/MMETSP0754_clean.csv,0,0,0,0,0,0,0,0,0,0,0,0
kofamscan/ko_tables/mannitol/MMETSP0224_clean.csv,0,0,0,0,0,0,0,0,0,0,0,0
kofamscan/ko_tables/mannitol/MMETSP0965_clean.csv,0,0,0,0,0,0,1,0,0,0,0,0
kofamscan/ko_tables/mannitol/MMETSP0186_clean.csv,0,0,0,0,0,0,0,0,0,0,0,0
kofamscan/ko_tables/mannitol/MMETSP1470_clean.csv,0,0,0,0,0,0,0,0,0,0,0,0
kofamscan/ko_tables/mannitol/MMETSP0913_clean.csv,0,0,0,0,0,0,0,0,0,0,0,0
kofamscan/ko_tables/mannitol/MMETSP0437_clean.csv,0,0,0,0,0,0,0,0,0,0,0,0
kofamscan/ko_tables/mannitol/MMETSP0102_clean.csv,0,0,0,0,0,0,0,0,0,0,0,0
kofamscan/ko_tables/mannitol/MMETSP1103_clean.csv,0,0,0,0,0,0,0,0,0,0,0,0
kofamscan/ko_tables/mannitol/MMETSP0689_clean.csv,0,0,0,0,0,0,0,0,0,0,0,0
kofamscan/ko_tables/mannitol/MMETSP0436_clean.csv,0,0,0,0,0,0,0,0,0,0,0,0
kofamscan/ko_tables/mannitol/MMETSP0055_clean.csv,0,0,0,0,0,0,0,0,0,0,0,0
kofamscan/ko_tables/mannitol/MMETSP1126_clean.csv,0,0,0,0,0,0,0,0,0,0,0,0
kofamscan/ko_tables/mannitol/MMETSP0992_clean.csv,0,0,0,0,0,0,0,0,0,0,0,0
kofamscan/ko_tables/mannitol/MMETSP0451_clean.csv,0,0,0,0,0,0,0,0,0,0,0,0
kofamscan/ko_tables/mannitol/MMETSP0996_clean.csv,0,0,0,0,0,0,0,0,0,0,0,0
kofamscan/ko_tables/mannitol/MMETSP1460_clean.csv,0,0,0,0,0,0,0,0,0,0,0,0
kofamscan/ko_tables/mannitol/MMETSP0853_clean.csv,0,0,0,0,0,0,0,0,0,0,0,0
kofamscan/ko_tables/mannitol/MMETSP0296_clean.csv,0,0,0,0,0,0,0,0,0,0,0,0
kofamscan/ko_tables/mannitol/MMETSP0977_clean.csv,0,0,0,0,0,0,0,0,0,0,0,0
kofamscan/ko_tables/mannitol/MMETSP0809_clean.csv,0,0,0,0,0,0,0,0,0,0,0,0
kofamscan/ko_tables/mannitol/MMETSP0851_clean.csv,0,0,0,0,0,0,0,0,0,0,0,0
kofamscan/ko_tables/mannitol/MMETSP1317_clean.csv,0,0,0,0,0,0,0,0,0,0,0,0
kofamscan/ko_tables/mannitol/MMETSP0034_clean.csv,0,0,0,0,0,0,0,0,0,0,0,0
kofamscan/ko_tables/mannitol/MMETSP1001_clean.csv,0,0,0,0,0,0,0,0,0,0,0,0
kofamscan/ko_tables/mannitol/MMETSP0649_clean.csv,0,0,0,0,0,0,0,0,0,0,0,0
kofamscan/ko_tables/mannitol/MMETSP0269_clean.csv,0,0,0,0,0,0,0,0,0,0,0,0
kofamscan/ko_tables/mannitol/MMETSP0168_clean.csv,0,0,0,0,0,0,0,0,0,0,0,0
kofamscan/ko_tables/mannitol/MMETSP1392_clean.csv,0,0,0,0,0,0,0,0,0,0,0,0
kofamscan/ko_tables/mannitol/MMETSP0361_clean.csv,0,0,0,0,0,0,0,0,0,0,0,0
kofamscan/ko_tables/mannitol/MMETSP1008_clean.csv,0,0,0,0,0,0,0,0,0,0,0,0
kofamscan/ko_tables/mannitol/MMETSP0494_clean.csv,0,0,0,0,0,0,0,0,0,0,0,0
kofamscan/ko_tables/mannitol/MMETSP0563_clean.csv,0,0,0,0,0,0,0,0,0,0,0,0
kofamscan/ko_tables/mannitol/MMETSP1344_clean.csv,0,0,0,0,0,0,0,0,0,0,0,0
kofamscan/ko_tables/mannitol/MMETSP0917_clean.csv,0,0,0,0,0,0,0,0,0,0,0,0
kofamscan/ko_tables/mannitol/MMETSP1017_clean.csv,0,0,0,0,0,0,0,0,0,0,0,0
kofamscan/ko_tables/mannitol/MMETSP0902_clean.csv,0,0,0,0,0,0,0,0,0,0,0,0
kofamscan/ko_tables/mannitol/MMETSP0933_clean.csv,0,0,0,0,0,0,0,0,0,0,0,0
kofamscan/ko_tables/mannitol/MMETSP0290_clean.csv,0,0,0,0,0,0,0,0,0,0,0,0
kofamscan/ko_tables/mannitol/MMETSP1475_clean.csv,0,0,0,0,0,0,0,0,0,0,0,0
kofamscan/ko_tables/mannitol/MMETSP0042_clean.csv,0,0,0,0,0,0,0,0,0,0,0,1
kofamscan/ko_tables/mannitol/MMETSP0604_clean.csv,0,0,0,0,0,0,0,0,0,0,0,0
kofamscan/ko_tables/mannitol/MMETSP0292_clean.csv,0,0,0,0,0,0,0,0,0,0,0,0
kofamscan/ko_tables/mannitol/MMETSP0017_clean.csv,0,0,0,0,0,0,0,0,0,0,0,0
kofamscan/ko_tables/mannitol/MMETSP0961_clean.csv,0,0,0,0,0,0,0,0,0,0,0,0
kofamscan/ko_tables/mannitol/MMETSP0213_clean.csv,0,0,0,0,0,0,0,0,0,0,0,0
kofamscan/ko_tables/mannitol/MMETSP0005_clean.csv,0,0,0,0,0,0,0,0,0,0,0,0
kofamscan/ko_tables/mannitol/MMETSP1082_clean.csv,0,0,0,0,0,0,0,0,0,0,0,0
kofamscan/ko_tables/mannitol/MMETSP1110_clean.csv,0,0,0,0,0,0,0,0,0,0,0,0
kofamscan/ko_tables/mannitol/MMETSP0154_clean.csv,0,0,0,0,0,0,0,0,0,0,0,0
kofamscan/ko_tables/mannitol/MMETSP0713_clean.csv,0,0,0,0,0,0,0,0,0,0,0,0
kofamscan/ko_tables/mannitol/MMETSP1036_clean.csv,0,0,0,0,0,0,0,0,0,0,0,0
kofamscan/ko_tables/mannitol/MMETSP1062_clean.csv,0,0,0,0,0,0,0,0,0,0,0,0
kofamscan/ko_tables/mannitol/MMETSP1467_clean.csv,0,0,0,0,0,0,0,0,0,0,0,0
kofamscan/ko_tables/mannitol/MMETSP1068_clean.csv,0,0,0,0,0,0,0,0,0,0,0,0
kofamscan/ko_tables/mannitol/MMETSP0890_clean.csv,0,0,0,0,0,0,0,0,0,0,0,0
kofamscan/ko_tables/mannitol/MMETSP1387_clean.csv,0,0,0,0,0,0,0,0,0,0,0,0
kofamscan/ko_tables/mannitol/MMETSP1355_clean.csv,0,0,0,0,0,0,0,0,0,0,0,0
kofamscan/ko_tables/mannitol/MMETSP1059_clean.csv,0,0,0,0,0,0,0,0,0,0,0,0
kofamscan/ko_tables/mannitol/MMETSP1438_clean.csv,0,0,0,0,0,0,0,0,0,0,0,0
kofamscan/ko_tables/mannitol/MMETSP1409_clean.csv,0,0,0,0,0,0,0,0,0,0,0,0
kofamscan/ko_tables/mannitol/MMETSP0786_clean.csv,0,0,0,0,0,0,0,0,0,0,0,0
kofamscan/ko_tables/mannitol/MMETSP0744_clean.csv,0,0,0,0,0,0,0,0,0,0,0,0
kofamscan/ko_tables/mannitol/MMETSP1132_clean.csv,0,0,0,0,0,0,0,0,0,0,0,0
kofamscan/ko_tables/mannitol/MMETSP1471_clean.csv,0,0,0,0,0,0,0,0,0,0,0,0
kofamscan/ko_tables/mannitol/MMETSP0493_clean.csv,0,0,0,0,0,0,0,0,0,0,0,0
kofamscan/ko_tables/mannitol/MMETSP0038_clean.csv,0,0,0,0,0,0,0,0,0,0,0,0
kofamscan/ko_tables/mannitol/MMETSP1086_clean.csv,0,0,0,0,0,0,0,0,0,0,0,0
kofamscan/ko_tables/mannitol/MMETSP1338_clean.csv,0,0,0,0,0,0,0,0,0,0,0,0
kofamscan/ko_tables/mannitol/MMETSP0819_clean.csv,0,0,0,0,0,0,0,0,0,0,0,0
kofamscan/ko_tables/mannitol/MMETSP1446_clean.csv,0,0,0,0,0,0,0,0,0,0,0,0
kofamscan/ko_tables/mannitol/MMETSP0947_clean.csv,0,0,0,0,0,0,0,0,0,0,0,0
kofamscan/ko_tables/mannitol/MMETSP0097_clean.csv,0,0,0,0,0,0,0,0,0,0,0,0
kofamscan/ko_tables/mannitol/MMETSP1444_clean.csv,0,0,0,0,0,0,0,0,0,0,0,0
kofamscan/ko_tables/mannitol/MMETSP1160_clean.csv,0,0,0,0,0,0,0,0,0,0,0,0
kofamscan/ko_tables/mannitol/MMETSP0929_clean.csv,0,0,0,0,0,0,0,0,0,0,0,0
kofamscan/ko_tables/mannitol/MMETSP0270_clean.csv,0,0,0,0,0,0,0,0,0,0,0,0
kofamscan/ko_tables/mannitol/MMETSP0964_clean.csv,0,0,0,0,0,0,0,0,0,0,0,0
kofamscan/ko_tables/mannitol/MMETSP1449_clean.csv,0,0,0,0,0,0,0,0,0,0,0,0
kofamscan/ko_tables/mannitol/MMETSP1039_clean.csv,0,0,0,0,0,0,0,0,0,0,0,0
kofamscan/ko_tables/mannitol/MMETSP0799_clean.csv,0,0,0,0,0,0,0,0,0,0,0,0
kofamscan/ko_tables/mannitol/MMETSP1322_clean.csv,0,0,0,0,0,0,0,0,0,0,0,1
kofamscan/ko_tables/mannitol/MMETSP0176_clean.csv,0,0,0,0,0,0,0,0,0,0,0,0
kofamscan/ko_tables/mannitol/MMETSP0800_clean.csv,0,0,0,0,0,0,0,0,0,0,0,0
kofamscan/ko_tables/mannitol/MMETSP0986_clean.csv,0,0,0,0,0,0,0,0,0,0,0,0
kofamscan/ko_tables/mannitol/MMETSP0470_clean.csv,0,0,0,0,0,0,0,0,0,0,0,0
kofamscan/ko_tables/mannitol/MMETSP0984_clean.csv,0,0,0,0,0,0,0,0,0,0,0,0
kofamscan/ko_tables/mannitol/MMETSP0880_clean.csv,0,0,0,0,0,0,0,0,0,0,0,0
kofamscan/ko_tables/mannitol/MMETSP0932_clean.csv,0,0,0,0,0,0,0,0,0,0,0,0
kofamscan/ko_tables/mannitol/MMETSP0794_clean.csv,0,0,0,0,0,0,0,0,0,0,0,0
kofamscan/ko_tables/mannitol/MMETSP0059_clean.csv,0,0,0,1,0,0,0,0,0,1,0,1
kofamscan/ko_tables/mannitol/MMETSP1114_clean.csv,0,0,0,0,0,0,0,0,0,0,0,0
kofamscan/ko_tables/mannitol/MMETSP1472_clean.csv,0,0,0,0,0,0,0,0,0,0,0,0
kofamscan/ko_tables/mannitol/MMETSP1154_clean.csv,0,0,0,0,0,0,0,0,0,0,0,0
kofamscan/ko_tables/mannitol/MMETSP1159_clean.csv,0,0,0,0,0,0,0,0,0,0,0,0
kofamscan/ko_tables/mannitol/MMETSP1005_clean.csv,0,0,0,0,0,0,0,0,0,0,0,0
kofamscan/ko_tables/mannitol/MMETSP1336_clean.csv,0,0,0,0,0,0,0,0,0,0,0,0
kofamscan/ko_tables/mannitol/MMETSP0104_clean.csv,0,0,0,0,0,0,0,0,0,0,0,0
kofamscan/ko_tables/mannitol/MMETSP1436_clean.csv,0,0,0,0,0,0,0,0,0,0,0,0
kofamscan/ko_tables/mannitol/MMETSP1090_clean.csv,0,0,0,0,0,0,0,0,0,0,0,0
kofamscan/ko_tables/mannitol/MMETSP0198_clean.csv,0,0,0,0,0,0,0,0,0,0,0,0
kofamscan/ko_tables/mannitol/MMETSP0210_clean.csv,0,0,0,0,0,0,0,0,0,0,0,0
kofamscan/ko_tables/mannitol/MMETSP1150_clean.csv,0,0,0,0,0,0,0,0,0,0,0,0
kofamscan/ko_tables/mannitol/MMETSP1312_clean.csv,0,0,0,0,0,0,0,0,0,0,0,0
kofamscan/ko_tables/mannitol/MMETSP0112_clean.csv,0,0,0,0,0,0,0,0,0,0,0,0
kofamscan/ko_tables/mannitol/MMETSP0360_clean.csv,0,0,0,0,0,0,0,0,0,0,0,0
kofamscan/ko_tables/mannitol/MMETSP0419_clean.csv,0,0,0,0,0,0,0,0,0,0,0,0
kofamscan/ko_tables/mannitol/MMETSP0099_clean.csv,0,0,0,0,0,0,1,0,0,0,0,0
kofamscan/ko_tables/mannitol/MMETSP0960_clean.csv,0,0,0,0,0,0,0,0,0,0,0,0
kofamscan/ko_tables/mannitol/MMETSP1442_clean.csv,0,0,0,0,0,0,0,0,0,0,0,0
kofamscan/ko_tables/mannitol/MMETSP0173_clean.csv,0,0,0,0,0,0,0,0,0,0,0,0
kofamscan/ko_tables/mannitol/MMETSP1450_clean.csv,0,0,0,0,0,0,0,0,0,0,0,0
kofamscan/ko_tables/mannitol/MMETSP0322_clean.csv,0,0,0,0,0,0,0,0,0,0,0,0
kofamscan/ko_tables/mannitol/MMETSP0578_clean.csv,0,0,0,0,0,0,0,0,0,0,0,0
kofamscan/ko_tables/mannitol/MMETSP0810_clean.csv,0,0,0,0,0,0,0,0,0,0,0,0
kofamscan/ko_tables/mannitol/MMETSP0372_clean.csv,0,0,0,0,0,0,0,0,0,0,0,0
kofamscan/ko_tables/mannitol/MMETSP1061_clean.csv,0,0,0,0,0,0,0,0,0,0,0,0
kofamscan/ko_tables/mannitol/MMETSP1130_clean.csv,0,0,0,0,0,0,0,0,0,0,0,0
kofamscan/ko_tables/mannitol/MMETSP0063_clean.csv,0,0,0,0,0,0,0,0,0,0,0,0
kofamscan/ko_tables/mannitol/MMETSP1466_clean.csv,0,0,0,0,0,0,0,0,0,0,0,0
kofamscan/ko_tables/mannitol/MMETSP0323_clean.csv,0,0,0,0,0,0,0,0,0,0,0,0
kofamscan/ko_tables/mannitol/MMETSP1050_clean.csv,0,0,0,0,0,0,0,0,0,0,0,0
kofamscan/ko_tables/mannitol/MMETSP1101_clean.csv,0,0,0,0,0,0,0,0,0,0,0,0
kofamscan/ko_tables/mannitol/MMETSP0312_clean.csv,0,0,0,0,0,0,0,0,0,0,0,0
kofamscan/ko_tables/mannitol/MMETSP0889_clean.csv,0,0,0,0,0,0,0,0,0,0,0,0
kofamscan/ko_tables/mannitol/MMETSP0007_clean.csv,0,0,0,0,0,0,0,0,0,0,0,0
kofamscan/ko_tables/mannitol/MMETSP0271_clean.csv,0,0,0,0,0,0,0,0,0,0,0,0
kofamscan/ko_tables/mannitol/MMETSP1052_clean.csv,0,0,0,0,0,0,0,0,0,0,0,1
kofamscan/ko_tables/mannitol/MMETSP0737_clean.csv,0,0,0,0,0,0,0,0,0,0,0,0
kofamscan/ko_tables/mannitol/MMETSP0286_clean.csv,0,0,0,0,0,0,0,0,0,0,0,0
kofamscan/ko_tables/mannitol/MMETSP1125_clean.csv,0,0,0,0,0,0,0,0,0,0,0,0
kofamscan/ko_tables/mannitol/MMETSP0894_clean.csv,0,0,0,0,0,0,0,0,0,0,0,0
kofamscan/ko_tables/mannitol/MMETSP0699_clean.csv,0,0,0,0,0,0,0,0,0,0,0,1
kofamscan/ko_tables/mannitol/MMETSP0058_clean.csv,0,0,0,1,0,0,0,0,0,1,0,1
kofamscan/ko_tables/mannitol/MMETSP0696_clean.csv,0,0,0,0,0,0,0,0,0,0,0,1
kofamscan/ko_tables/mannitol/MMETSP1019_clean.csv,0,0,0,0,0,0,0,0,0,0,0,0
kofamscan/ko_tables/mannitol/MMETSP0093_clean.csv,0,0,0,0,0,0,0,0,0,0,0,0
kofamscan/ko_tables/mannitol/MMETSP1433_clean.csv,0,0,0,0,0,0,1,0,0,0,0,0
kofamscan/ko_tables/mannitol/MMETSP0736_clean.csv,0,0,0,0,0,0,0,0,0,0,0,0
kofamscan/ko_tables/mannitol/MMETSP0418_clean.csv,0,0,0,0,0,0,0,0,0,0,0,0
