,K22443,K22444,K20038,K07811,K07812,K18277
kofamscan/ko_tables/TMAO/MMETSP1380_clean.csv,0,0,0,0,0,0
kofamscan/ko_tables/TMAO/MMETSP0409_clean.csv,0,0,0,0,0,0
kofamscan/ko_tables/TMAO/MMETSP0320_clean.csv,0,0,0,0,0,0
kofamscan/ko_tables/TMAO/MMETSP1374_clean.csv,0,0,0,0,0,0
kofamscan/ko_tables/TMAO/MMETSP0907_clean.csv,0,0,0,0,0,0
kofamscan/ko_tables/TMAO/MMETSP1407_clean.csv,0,0,0,0,0,0
kofamscan/ko_tables/TMAO/MMETSP0816_clean.csv,0,0,0,0,0,0
kofamscan/ko_tables/TMAO/MMETSP0661_clean.csv,0,0,0,0,0,0
kofamscan/ko_tables/TMAO/MMETSP1165_clean.csv,0,0,0,0,0,0
kofamscan/ko_tables/TMAO/MMETSP1411_clean.csv,0,0,0,0,0,0
kofamscan/ko_tables/TMAO/MMETSP0759_clean.csv,0,0,0,0,0,0
kofamscan/ko_tables/TMAO/MMETSP1319_clean.csv,0,0,0,0,0,0
kofamscan/ko_tables/TMAO/MMETSP0117_clean.csv,0,0,0,0,0,1
kofamscan/ko_tables/TMAO/MMETSP0887_clean.csv,0,0,0,0,0,0
kofamscan/ko_tables/TMAO/MMETSP1174_clean.csv,0,0,0,0,0,1
kofamscan/ko_tables/TMAO/MMETSP0898_clean.csv,0,0,0,0,0,0
kofamscan/ko_tables/TMAO/MMETSP0088_clean.csv,0,0,0,0,0,0
kofamscan/ko_tables/TMAO/MMETSP1395_clean.csv,0,0,0,0,0,0
kofamscan/ko_tables/TMAO/MMETSP0398_clean.csv,0,0,0,0,0,0
kofamscan/ko_tables/TMAO/MMETSP0922_clean.csv,0,0,0,0,0,0
kofamscan/ko_tables/TMAO/MMETSP0780_clean.csv,0,0,0,0,0,0
kofamscan/ko_tables/TMAO/MMETSP0227_clean.csv,0,0,0,0,0,0
kofamscan/ko_tables/TMAO/MMETSP0141_clean.csv,0,0,0,0,0,0
kofamscan/ko_tables/TMAO/MMETSP1007_clean.csv,0,0,0,0,0,0
kofamscan/ko_tables/TMAO/MMETSP0852_clean.csv,0,0,0,0,0,0
kofamscan/ko_tables/TMAO/MMETSP0812_clean.csv,0,0,0,0,0,0
kofamscan/ko_tables/TMAO/MMETSP0105_clean.csv,0,0,0,0,0,0
kofamscan/ko_tables/TMAO/MMETSP1384_clean.csv,0,0,0,0,0,1
kofamscan/ko_tables/TMAO/MMETSP1063_clean.csv,0,0,0,0,0,0
kofamscan/ko_tables/TMAO/MMETSP0467_clean.csv,0,0,0,0,0,0
kofamscan/ko_tables/TMAO/MMETSP0086_clean.csv,0,0,0,0,0,0
kofamscan/ko_tables/TMAO/MMETSP1366_clean.csv,0,0,0,0,0,0
kofamscan/ko_tables/TMAO/MMETSP1439_clean.csv,0,0,0,0,0,0
kofamscan/ko_tables/TMAO/MMETSP0693_clean.csv,0,0,0,0,0,0
kofamscan/ko_tables/TMAO/MMETSP1032_clean.csv,0,0,0,0,0,0
kofamscan/ko_tables/TMAO/MMETSP1399_clean.csv,0,0,0,0,0,0
kofamscan/ko_tables/TMAO/MMETSP0100_clean.csv,0,0,0,0,0,0
kofamscan/ko_tables/TMAO/MMETSP0328_clean.csv,0,0,0,0,0,0
kofamscan/ko_tables/TMAO/MMETSP1042_clean.csv,0,0,0,0,0,0
kofamscan/ko_tables/TMAO/MMETSP1171_clean.csv,0,0,0,0,0,0
kofamscan/ko_tables/TMAO/MMETSP0209_clean.csv,0,0,0,0,0,0
kofamscan/ko_tables/TMAO/MMETSP0252_clean.csv,0,0,0,0,0,0
kofamscan/ko_tables/TMAO/MMETSP0471_clean.csv,0,0,0,0,0,0
kofamscan/ko_tables/TMAO/MMETSP0955_clean.csv,0,0,0,0,0,0
kofamscan/ko_tables/TMAO/MMETSP0199_clean.csv,0,0,0,0,0,0
kofamscan/ko_tables/TMAO/MMETSP1057_clean.csv,0,0,0,0,0,0
kofamscan/ko_tables/TMAO/MMETSP0434_clean.csv,0,0,0,0,0,0
kofamscan/ko_tables/TMAO/MMETSP1097_clean.csv,0,0,0,0,0,0
kofamscan/ko_tables/TMAO/MMETSP0115_clean.csv,0,0,0,0,0,0
kofamscan/ko_tables/TMAO/MMETSP0593_clean.csv,0,0,0,0,0,0
kofamscan/ko_tables/TMAO/MMETSP0798_clean.csv,0,0,0,0,0,0
kofamscan/ko_tables/TMAO/MMETSP0318_clean.csv,0,0,0,0,0,0
kofamscan/ko_tables/TMAO/MMETSP0527_clean.csv,0,0,0,0,0,0
kofamscan/ko_tables/TMAO/MMETSP1357_clean.csv,0,0,0,0,0,0
kofamscan/ko_tables/TMAO/MMETSP1058_clean.csv,0,0,0,0,0,0
kofamscan/ko_tables/TMAO/MMETSP0095_clean.csv,0,0,0,0,0,0
kofamscan/ko_tables/TMAO/MMETSP0950_clean.csv,0,0,0,0,0,0
kofamscan/ko_tables/TMAO/MMETSP1321_clean.csv,0,0,0,0,0,1
kofamscan/ko_tables/TMAO/MMETSP0211_clean.csv,0,0,0,0,0,0
kofamscan/ko_tables/TMAO/MMETSP1326_clean.csv,0,0,0,0,0,0
kofamscan/ko_tables/TMAO/MMETSP1002_clean.csv,0,0,0,0,0,0
kofamscan/ko_tables/TMAO/MMETSP0818_clean.csv,0,0,0,0,0,0
kofamscan/ko_tables/TMAO/MMETSP0718_clean.csv,0,0,0,0,0,0
kofamscan/ko_tables/TMAO/MMETSP0415_clean.csv,0,0,0,0,0,0
kofamscan/ko_tables/TMAO/MMETSP0976_clean.csv,0,0,0,0,0,0
kofamscan/ko_tables/TMAO/MMETSP0751_clean.csv,0,0,0,0,0,0
kofamscan/ko_tables/TMAO/MMETSP1371_clean.csv,0,0,0,0,0,0
kofamscan/ko_tables/TMAO/MMETSP1422_clean.csv,0,0,0,0,0,0
kofamscan/ko_tables/TMAO/MMETSP1419_clean.csv,0,0,0,0,0,0
kofamscan/ko_tables/TMAO/MMETSP1421_clean.csv,0,0,0,0,0,0
kofamscan/ko_tables/TMAO/MMETSP1396_clean.csv,0,0,0,0,0,0
kofamscan/ko_tables/TMAO/MMETSP0404_clean.csv,0,0,0,0,0,0
kofamscan/ko_tables/TMAO/MMETSP0041_clean.csv,0,0,0,0,0,1
kofamscan/ko_tables/TMAO/MMETSP1425_clean.csv,0,0,0,0,0,0
kofamscan/ko_tables/TMAO/MMETSP0308_clean.csv,0,0,0,0,0,0
kofamscan/ko_tables/TMAO/MMETSP0910_clean.csv,0,0,0,0,0,0
kofamscan/ko_tables/TMAO/MMETSP1432_clean.csv,0,0,0,0,0,0
kofamscan/ko_tables/TMAO/MMETSP0259_clean.csv,0,0,0,0,0,0
kofamscan/ko_tables/TMAO/MMETSP1176_clean.csv,0,0,0,0,0,0
kofamscan/ko_tables/TMAO/MMETSP1465_clean.csv,0,0,0,0,0,0
kofamscan/ko_tables/TMAO/MMETSP1104_clean.csv,0,0,0,0,0,0
kofamscan/ko_tables/TMAO/MMETSP0004_clean.csv,0,0,0,0,0,1
kofamscan/ko_tables/TMAO/MMETSP1172_clean.csv,0,0,0,0,0,0
kofamscan/ko_tables/TMAO/MMETSP1055_clean.csv,0,0,0,0,0,0
kofamscan/ko_tables/TMAO/MMETSP1403_clean.csv,0,0,0,0,0,0
kofamscan/ko_tables/TMAO/MMETSP0574_clean.csv,0,0,0,0,0,0
kofamscan/ko_tables/TMAO/MMETSP0202_clean.csv,0,0,0,0,0,0
kofamscan/ko_tables/TMAO/MMETSP0796_clean.csv,0,0,0,0,0,1
kofamscan/ko_tables/TMAO/MMETSP0797_clean.csv,0,0,0,0,0,0
kofamscan/ko_tables/TMAO/MMETSP1127_clean.csv,0,0,0,0,0,0
kofamscan/ko_tables/TMAO/MMETSP1413_clean.csv,0,0,0,0,0,0
kofamscan/ko_tables/TMAO/MMETSP0991_clean.csv,0,0,0,0,0,1
kofamscan/ko_tables/TMAO/MMETSP1474_clean.csv,0,0,0,0,0,0
kofamscan/ko_tables/TMAO/MMETSP1406_clean.csv,0,0,0,0,0,0
kofamscan/ko_tables/TMAO/MMETSP1123_clean.csv,0,0,0,0,0,0
kofamscan/ko_tables/TMAO/MMETSP0930_clean.csv,0,0,0,0,0,0
kofamscan/ko_tables/TMAO/MMETSP0573_clean.csv,0,0,0,0,0,0
kofamscan/ko_tables/TMAO/MMETSP1013_clean.csv,0,0,0,0,0,0
kofamscan/ko_tables/TMAO/MMETSP1080_clean.csv,0,0,0,0,0,0
kofamscan/ko_tables/TMAO/MMETSP1464_clean.csv,0,0,0,0,0,0
kofamscan/ko_tables/TMAO/MMETSP0891_clean.csv,0,0,0,0,0,0
kofamscan/ko_tables/TMAO/MMETSP1169_clean.csv,0,0,0,0,0,0
kofamscan/ko_tables/TMAO/MMETSP1128_clean.csv,0,0,0,0,0,0
kofamscan/ko_tables/TMAO/MMETSP1155_clean.csv,0,0,0,0,0,0
kofamscan/ko_tables/TMAO/MMETSP0149_clean.csv,0,0,0,0,0,0
kofamscan/ko_tables/TMAO/MMETSP1100_clean.csv,0,0,0,0,0,0
kofamscan/ko_tables/TMAO/MMETSP0942_clean.csv,0,0,0,0,0,0
kofamscan/ko_tables/TMAO/MMETSP1137_clean.csv,0,0,0,0,0,0
kofamscan/ko_tables/TMAO/MMETSP0973_clean.csv,0,0,0,0,0,0
kofamscan/ko_tables/TMAO/MMETSP0413_clean.csv,0,0,0,0,0,0
kofamscan/ko_tables/TMAO/MMETSP0200_clean.csv,0,0,0,0,0,0
kofamscan/ko_tables/TMAO/MMETSP1047_clean.csv,0,0,0,0,0,0
kofamscan/ko_tables/TMAO/MMETSP0347_clean.csv,0,0,0,0,0,0
kofamscan/ko_tables/TMAO/MMETSP1394_clean.csv,0,0,0,0,0,0
kofamscan/ko_tables/TMAO/MMETSP0096_clean.csv,0,0,0,0,0,0
kofamscan/ko_tables/TMAO/MMETSP0811_clean.csv,0,0,0,0,0,0
kofamscan/ko_tables/TMAO/MMETSP0417_clean.csv,0,0,0,0,0,0
kofamscan/ko_tables/TMAO/MMETSP0087_clean.csv,0,0,0,0,0,1
kofamscan/ko_tables/TMAO/MMETSP1117_clean.csv,0,0,0,0,0,0
kofamscan/ko_tables/TMAO/MMETSP0603_clean.csv,0,0,0,0,0,0
kofamscan/ko_tables/TMAO/MMETSP0734_clean.csv,0,0,0,0,0,0
kofamscan/ko_tables/TMAO/MMETSP0011_clean.csv,0,0,0,0,0,0
kofamscan/ko_tables/TMAO/MMETSP1401_clean.csv,0,0,0,0,0,0
kofamscan/ko_tables/TMAO/MMETSP1412_clean.csv,0,0,0,0,0,0
kofamscan/ko_tables/TMAO/MMETSP1469_clean.csv,0,0,0,0,0,0
kofamscan/ko_tables/TMAO/MMETSP1035_clean.csv,0,0,0,0,0,0
kofamscan/ko_tables/TMAO/MMETSP0938_clean.csv,0,0,0,0,0,0
kofamscan/ko_tables/TMAO/MMETSP0092_clean.csv,0,0,0,0,0,0
kofamscan/ko_tables/TMAO/MMETSP0820_clean.csv,0,0,0,0,0,0
kofamscan/ko_tables/TMAO/MMETSP0993_clean.csv,0,0,0,0,0,1
kofamscan/ko_tables/TMAO/MMETSP0909_clean.csv,0,0,0,0,0,0
kofamscan/ko_tables/TMAO/MMETSP0160_clean.csv,0,0,0,0,0,0
kofamscan/ko_tables/TMAO/MMETSP1049_clean.csv,0,0,0,0,0,0
kofamscan/ko_tables/TMAO/MMETSP1459_clean.csv,0,0,0,0,0,0
kofamscan/ko_tables/TMAO/MMETSP1388_clean.csv,0,0,0,0,0,1
kofamscan/ko_tables/TMAO/MMETSP0920_clean.csv,0,0,0,0,0,0
kofamscan/ko_tables/TMAO/MMETSP1095_clean.csv,0,0,0,0,0,0
kofamscan/ko_tables/TMAO/MMETSP0120_clean.csv,0,0,0,0,0,0
kofamscan/ko_tables/TMAO/MMETSP1151_clean.csv,0,0,0,0,0,0
kofamscan/ko_tables/TMAO/MMETSP0006_clean.csv,0,0,0,0,0,0
kofamscan/ko_tables/TMAO/MMETSP1473_clean.csv,0,0,0,0,0,0
kofamscan/ko_tables/TMAO/MMETSP0272_clean.csv,0,0,0,0,0,1
kofamscan/ko_tables/TMAO/MMETSP0899_clean.csv,0,0,0,0,0,0
kofamscan/ko_tables/TMAO/MMETSP0151_clean.csv,0,0,0,0,0,0
kofamscan/ko_tables/TMAO/MMETSP1381_clean.csv,0,0,0,0,0,0
kofamscan/ko_tables/TMAO/MMETSP0326_clean.csv,1,0,0,0,0,0
kofamscan/ko_tables/TMAO/MMETSP0912_clean.csv,0,0,0,0,0,0
kofamscan/ko_tables/TMAO/MMETSP1070_clean.csv,0,0,0,0,0,0
kofamscan/ko_tables/TMAO/MMETSP0900_clean.csv,0,0,0,0,0,0
kofamscan/ko_tables/TMAO/MMETSP0014_clean.csv,0,0,0,0,0,0
kofamscan/ko_tables/TMAO/MMETSP1400_clean.csv,0,0,0,0,0,0
kofamscan/ko_tables/TMAO/MMETSP1437_clean.csv,0,0,0,0,0,0
kofamscan/ko_tables/TMAO/MMETSP1447_clean.csv,0,0,0,0,0,0
kofamscan/ko_tables/TMAO/MMETSP0140_clean.csv,0,0,0,0,0,0
kofamscan/ko_tables/TMAO/MMETSP1161_clean.csv,0,0,0,0,0,0
kofamscan/ko_tables/TMAO/MMETSP1043_clean.csv,0,0,0,0,0,0
kofamscan/ko_tables/TMAO/MMETSP1316_clean.csv,0,0,0,0,0,0
kofamscan/ko_tables/TMAO/MMETSP1157_clean.csv,0,0,0,0,0,0
kofamscan/ko_tables/TMAO/MMETSP0790_clean.csv,0,0,0,0,0,0
kofamscan/ko_tables/TMAO/MMETSP1360_clean.csv,0,0,0,0,0,0
kofamscan/ko_tables/TMAO/MMETSP0258_clean.csv,0,0,0,0,0,0
kofamscan/ko_tables/TMAO/MMETSP0746_clean.csv,0,0,0,0,0,0
kofamscan/ko_tables/TMAO/MMETSP1420_clean.csv,0,0,0,0,0,0
kofamscan/ko_tables/TMAO/MMETSP1397_clean.csv,0,0,0,0,0,0
kofamscan/ko_tables/TMAO/MMETSP1452_clean.csv,0,0,0,0,0,0
kofamscan/ko_tables/TMAO/MMETSP1178_clean.csv,0,0,0,0,0,0
kofamscan/ko_tables/TMAO/MMETSP1115_clean.csv,0,0,0,0,0,0
kofamscan/ko_tables/TMAO/MMETSP1361_clean.csv,0,0,0,0,0,1
kofamscan/ko_tables/TMAO/MMETSP0941_clean.csv,0,0,0,0,0,0
kofamscan/ko_tables/TMAO/MMETSP0098_clean.csv,0,0,0,0,0,0
kofamscan/ko_tables/TMAO/MMETSP0924_clean.csv,0,0,0,0,0,0
kofamscan/ko_tables/TMAO/MMETSP0234_clean.csv,0,0,0,0,0,0
kofamscan/ko_tables/TMAO/MMETSP1106_clean.csv,0,0,0,0,0,0
kofamscan/ko_tables/TMAO/MMETSP0267_clean.csv,0,0,0,0,0,0
kofamscan/ko_tables/TMAO/MMETSP0091_clean.csv,0,0,0,0,0,0
kofamscan/ko_tables/TMAO/MMETSP0132_clean.csv,0,0,0,0,0,0
kofamscan/ko_tables/TMAO/MMETSP1417_clean.csv,0,0,0,0,0,0
kofamscan/ko_tables/TMAO/MMETSP1363_clean.csv,0,0,0,0,0,0
kofamscan/ko_tables/TMAO/MMETSP0316_clean.csv,0,0,0,0,0,0
kofamscan/ko_tables/TMAO/MMETSP0229_clean.csv,0,0,0,0,0,0
kofamscan/ko_tables/TMAO/MMETSP1408_clean.csv,0,0,0,0,0,0
kofamscan/ko_tables/TMAO/MMETSP0987_clean.csv,0,0,0,0,0,0
kofamscan/ko_tables/TMAO/MMETSP1333_clean.csv,0,0,0,0,0,0
kofamscan/ko_tables/TMAO/MMETSP1345_clean.csv,0,0,0,0,0,1
kofamscan/ko_tables/TMAO/MMETSP0878_clean.csv,0,0,0,0,0,0
kofamscan/ko_tables/TMAO/MMETSP1153_clean.csv,0,0,0,0,0,0
kofamscan/ko_tables/TMAO/MMETSP0288_clean.csv,0,0,0,0,0,0
kofamscan/ko_tables/TMAO/MMETSP1462_clean.csv,0,0,0,0,0,0
kofamscan/ko_tables/TMAO/MMETSP0139_clean.csv,0,0,0,0,0,0
kofamscan/ko_tables/TMAO/MMETSP1096_clean.csv,0,0,0,0,0,0
kofamscan/ko_tables/TMAO/MMETSP1418_clean.csv,0,0,0,0,0,0
kofamscan/ko_tables/TMAO/MMETSP0963_clean.csv,0,0,0,0,0,0
kofamscan/ko_tables/TMAO/MMETSP0171_clean.csv,0,0,0,0,0,0
kofamscan/ko_tables/TMAO/MMETSP0904_clean.csv,0,0,0,0,0,0
kofamscan/ko_tables/TMAO/MMETSP1040_clean.csv,0,0,0,0,0,0
kofamscan/ko_tables/TMAO/MMETSP1389_clean.csv,0,0,0,0,0,0
kofamscan/ko_tables/TMAO/MMETSP1415_clean.csv,0,0,0,0,0,0
kofamscan/ko_tables/TMAO/MMETSP0789_clean.csv,0,0,0,0,0,0
kofamscan/ko_tables/TMAO/MMETSP0169_clean.csv,0,0,0,0,0,0
kofamscan/ko_tables/TMAO/MMETSP1064_clean.csv,0,0,0,0,0,0
kofamscan/ko_tables/TMAO/MMETSP0015_clean.csv,0,0,0,0,0,0
kofamscan/ko_tables/TMAO/MMETSP1152_clean.csv,0,0,0,0,0,0
kofamscan/ko_tables/TMAO/MMETSP0106_clean.csv,0,0,0,0,0,0
kofamscan/ko_tables/TMAO/MMETSP1349_clean.csv,0,0,0,0,0,0
kofamscan/ko_tables/TMAO/MMETSP0727_clean.csv,0,0,0,0,0,0
kofamscan/ko_tables/TMAO/MMETSP1429_clean.csv,0,0,0,0,0,0
kofamscan/ko_tables/TMAO/MMETSP0911_clean.csv,0,0,0,0,0,0
kofamscan/ko_tables/TMAO/MMETSP0717_clean.csv,0,0,0,0,0,0
kofamscan/ko_tables/TMAO/MMETSP0901_clean.csv,0,0,0,0,0,0
kofamscan/ko_tables/TMAO/MMETSP0111_clean.csv,0,0,0,0,0,0
kofamscan/ko_tables/TMAO/MMETSP0411_clean.csv,0,0,0,0,0,0
kofamscan/ko_tables/TMAO/MMETSP0317_clean.csv,0,0,0,0,0,0
kofamscan/ko_tables/TMAO/MMETSP1148_clean.csv,0,0,0,0,0,0
kofamscan/ko_tables/TMAO/MMETSP0957_clean.csv,0,0,0,0,0,0
kofamscan/ko_tables/TMAO/MMETSP0914_clean.csv,0,0,0,0,0,0
kofamscan/ko_tables/TMAO/MMETSP0738_clean.csv,0,0,0,0,0,0
kofamscan/ko_tables/TMAO/MMETSP0010_clean.csv,0,0,0,0,0,0
kofamscan/ko_tables/TMAO/MMETSP0056_clean.csv,0,0,0,0,0,0
kofamscan/ko_tables/TMAO/MMETSP0595_clean.csv,0,0,0,0,0,0
kofamscan/ko_tables/TMAO/MMETSP0116_clean.csv,0,0,0,0,0,0
kofamscan/ko_tables/TMAO/MMETSP0368_clean.csv,0,0,0,0,0,0
kofamscan/ko_tables/TMAO/MMETSP1156_clean.csv,0,0,0,0,0,0
kofamscan/ko_tables/TMAO/MMETSP0881_clean.csv,0,0,0,0,0,0
kofamscan/ko_tables/TMAO/MMETSP0114_clean.csv,0,0,0,0,0,0
kofamscan/ko_tables/TMAO/MMETSP0706_clean.csv,0,0,0,0,0,0
kofamscan/ko_tables/TMAO/MMETSP0802_clean.csv,0,0,0,0,0,0
kofamscan/ko_tables/TMAO/MMETSP0371_clean.csv,0,0,0,0,0,0
kofamscan/ko_tables/TMAO/MMETSP1426_clean.csv,0,0,0,0,0,0
kofamscan/ko_tables/TMAO/MMETSP1173_clean.csv,0,0,0,0,0,0
kofamscan/ko_tables/TMAO/MMETSP0726_clean.csv,0,0,0,0,0,0
kofamscan/ko_tables/TMAO/MMETSP1330_clean.csv,0,0,0,0,0,0
kofamscan/ko_tables/TMAO/MMETSP0807_clean.csv,0,0,0,0,0,0
kofamscan/ko_tables/TMAO/MMETSP0125_clean.csv,0,0,0,0,0,0
kofamscan/ko_tables/TMAO/MMETSP1370_clean.csv,0,0,0,0,0,0
kofamscan/ko_tables/TMAO/MMETSP0033_clean.csv,0,0,0,0,0,0
kofamscan/ko_tables/TMAO/MMETSP0109_clean.csv,0,0,0,0,0,1
kofamscan/ko_tables/TMAO/MMETSP1329_clean.csv,0,0,0,0,0,0
kofamscan/ko_tables/TMAO/MMETSP0057_clean.csv,0,0,0,0,0,0
kofamscan/ko_tables/TMAO/MMETSP0990_clean.csv,0,0,0,0,0,1
kofamscan/ko_tables/TMAO/MMETSP1107_clean.csv,0,0,0,0,0,0
kofamscan/ko_tables/TMAO/MMETSP0766_clean.csv,0,0,0,0,0,0
kofamscan/ko_tables/TMAO/MMETSP1435_clean.csv,0,0,0,0,0,0
kofamscan/ko_tables/TMAO/MMETSP1416_clean.csv,0,0,0,0,0,0
kofamscan/ko_tables/TMAO/MMETSP0469_clean.csv,0,0,0,0,0,0
kofamscan/ko_tables/TMAO/MMETSP1038_clean.csv,0,0,0,0,0,0
kofamscan/ko_tables/TMAO/MMETSP0998_clean.csv,0,0,0,0,0,0
kofamscan/ko_tables/TMAO/MMETSP0988_clean.csv,0,0,0,0,0,0
kofamscan/ko_tables/TMAO/MMETSP1445_clean.csv,0,0,0,0,0,0
kofamscan/ko_tables/TMAO/MMETSP0562_clean.csv,0,0,0,0,0,0
kofamscan/ko_tables/TMAO/MMETSP1443_clean.csv,0,0,0,0,0,0
kofamscan/ko_tables/TMAO/MMETSP0983_clean.csv,0,0,0,0,0,0
kofamscan/ko_tables/TMAO/MMETSP0817_clean.csv,0,0,0,0,0,0
kofamscan/ko_tables/TMAO/MMETSP0733_clean.csv,0,0,0,0,0,0
kofamscan/ko_tables/TMAO/MMETSP1177_clean.csv,0,0,0,0,0,0
kofamscan/ko_tables/TMAO/MMETSP0698_clean.csv,0,0,0,0,0,0
kofamscan/ko_tables/TMAO/MMETSP0110_clean.csv,0,0,0,0,0,0
kofamscan/ko_tables/TMAO/MMETSP0753_clean.csv,0,0,0,0,0,0
kofamscan/ko_tables/TMAO/MMETSP1016_clean.csv,0,0,0,0,0,1
kofamscan/ko_tables/TMAO/MMETSP0449_clean.csv,0,0,0,0,0,0
kofamscan/ko_tables/TMAO/MMETSP1105_clean.csv,0,0,0,0,0,0
kofamscan/ko_tables/TMAO/MMETSP1463_clean.csv,0,0,0,0,0,0
kofamscan/ko_tables/TMAO/MMETSP0962_clean.csv,0,0,0,0,0,0
kofamscan/ko_tables/TMAO/MMETSP1098_clean.csv,0,0,0,0,0,0
kofamscan/ko_tables/TMAO/MMETSP1441_clean.csv,0,0,0,0,0,0
kofamscan/ko_tables/TMAO/MMETSP1074_clean.csv,0,0,0,0,0,0
kofamscan/ko_tables/TMAO/MMETSP0908_clean.csv,0,0,0,0,0,0
kofamscan/ko_tables/TMAO/MMETSP0484_clean.csv,0,0,0,0,0,0
kofamscan/ko_tables/TMAO/MMETSP0044_clean.csv,0,0,0,0,0,0
kofamscan/ko_tables/TMAO/MMETSP0795_clean.csv,0,0,0,0,0,0
kofamscan/ko_tables/TMAO/MMETSP1362_clean.csv,0,0,0,0,0,0
kofamscan/ko_tables/TMAO/MMETSP1041_clean.csv,0,0,0,0,0,0
kofamscan/ko_tables/TMAO/MMETSP0403_clean.csv,0,0,0,0,0,0
kofamscan/ko_tables/TMAO/MMETSP0949_clean.csv,0,0,0,0,0,0
kofamscan/ko_tables/TMAO/MMETSP1010_clean.csv,0,0,0,0,0,0
kofamscan/ko_tables/TMAO/MMETSP1353_clean.csv,0,0,0,0,0,0
kofamscan/ko_tables/TMAO/MMETSP0150_clean.csv,0,0,0,0,0,0
kofamscan/ko_tables/TMAO/MMETSP0893_clean.csv,0,0,0,0,0,0
kofamscan/ko_tables/TMAO/MMETSP0294_clean.csv,0,0,0,0,0,0
kofamscan/ko_tables/TMAO/MMETSP0145_clean.csv,0,0,0,0,0,0
kofamscan/ko_tables/TMAO/MMETSP1405_clean.csv,0,0,0,0,0,0
kofamscan/ko_tables/TMAO/MMETSP0046_clean.csv,0,0,0,0,0,0
kofamscan/ko_tables/TMAO/MMETSP1083_clean.csv,0,0,0,0,0,0
kofamscan/ko_tables/TMAO/MMETSP0724_clean.csv,0,0,0,0,0,0
kofamscan/ko_tables/TMAO/MMETSP0472_clean.csv,0,0,0,0,0,0
kofamscan/ko_tables/TMAO/MMETSP1352_clean.csv,0,0,0,0,0,0
kofamscan/ko_tables/TMAO/MMETSP1364_clean.csv,0,0,0,0,0,0
kofamscan/ko_tables/TMAO/MMETSP0174_clean.csv,0,0,0,0,0,0
kofamscan/ko_tables/TMAO/MMETSP1365_clean.csv,0,0,0,0,0,0
kofamscan/ko_tables/TMAO/MMETSP0971_clean.csv,0,0,0,0,0,0
kofamscan/ko_tables/TMAO/MMETSP0896_clean.csv,0,0,0,0,0,0
kofamscan/ko_tables/TMAO/MMETSP0879_clean.csv,0,0,0,0,0,0
kofamscan/ko_tables/TMAO/MMETSP1359_clean.csv,0,0,0,0,0,0
kofamscan/ko_tables/TMAO/MMETSP0972_clean.csv,0,0,0,0,0,0
kofamscan/ko_tables/TMAO/MMETSP1323_clean.csv,0,0,0,0,0,0
kofamscan/ko_tables/TMAO/MMETSP0156_clean.csv,0,0,0,0,0,1
kofamscan/ko_tables/TMAO/MMETSP0142_clean.csv,0,0,0,0,0,0
kofamscan/ko_tables/TMAO/MMETSP0123_clean.csv,0,0,0,0,0,0
kofamscan/ko_tables/TMAO/MMETSP0107_clean.csv,0,0,0,0,0,0
kofamscan/ko_tables/TMAO/MMETSP1367_clean.csv,0,0,0,0,0,0
kofamscan/ko_tables/TMAO/MMETSP0029_clean.csv,0,0,0,0,0,0
kofamscan/ko_tables/TMAO/MMETSP1324_clean.csv,0,0,0,0,0,1
kofamscan/ko_tables/TMAO/MMETSP0916_clean.csv,0,0,0,0,0,0
kofamscan/ko_tables/TMAO/MMETSP0108_clean.csv,0,0,0,0,0,0
kofamscan/ko_tables/TMAO/MMETSP0027_clean.csv,0,0,0,0,0,0
kofamscan/ko_tables/TMAO/MMETSP0251_clean.csv,0,0,0,0,0,0
kofamscan/ko_tables/TMAO/MMETSP1018_clean.csv,0,0,0,0,0,0
kofamscan/ko_tables/TMAO/MMETSP1089_clean.csv,0,0,0,0,0,0
kofamscan/ko_tables/TMAO/MMETSP1369_clean.csv,0,0,0,0,0,0
kofamscan/ko_tables/TMAO/MMETSP1144_clean.csv,0,0,0,0,0,1
kofamscan/ko_tables/TMAO/MMETSP1143_clean.csv,0,0,0,0,0,1
kofamscan/ko_tables/TMAO/MMETSP0944_clean.csv,0,0,0,0,0,0
kofamscan/ko_tables/TMAO/MMETSP1310_clean.csv,0,0,0,0,0,1
kofamscan/ko_tables/TMAO/MMETSP0382_clean.csv,0,0,0,0,0,0
kofamscan/ko_tables/TMAO/MMETSP1402_clean.csv,0,0,0,0,0,0
kofamscan/ko_tables/TMAO/MMETSP1315_clean.csv,0,0,0,0,0,0
kofamscan/ko_tables/TMAO/MMETSP0956_clean.csv,0,0,0,0,0,0
kofamscan/ko_tables/TMAO/MMETSP0166_clean.csv,0,0,0,0,0,0
kofamscan/ko_tables/TMAO/MMETSP0939_clean.csv,0,0,0,0,0,0
kofamscan/ko_tables/TMAO/MMETSP1140_clean.csv,0,0,0,0,0,0
kofamscan/ko_tables/TMAO/MMETSP1377_clean.csv,0,0,0,0,0,0
kofamscan/ko_tables/TMAO/MMETSP1434_clean.csv,0,0,0,0,0,0
kofamscan/ko_tables/TMAO/MMETSP0121_clean.csv,0,0,0,0,0,1
kofamscan/ko_tables/TMAO/MMETSP1390_clean.csv,0,0,0,0,0,0
kofamscan/ko_tables/TMAO/MMETSP0994_clean.csv,0,0,0,0,0,0
kofamscan/ko_tables/TMAO/MMETSP1012_clean.csv,0,0,0,0,0,0
kofamscan/ko_tables/TMAO/MMETSP0047_clean.csv,0,0,0,0,0,0
kofamscan/ko_tables/TMAO/MMETSP0410_clean.csv,0,0,0,0,0,0
kofamscan/ko_tables/TMAO/MMETSP0295_clean.csv,0,0,0,0,0,0
kofamscan/ko_tables/TMAO/MMETSP0803_clean.csv,0,0,0,0,0,0
kofamscan/ko_tables/TMAO/MMETSP1066_clean.csv,0,0,0,0,0,0
kofamscan/ko_tables/TMAO/MMETSP0814_clean.csv,0,0,0,0,0,0
kofamscan/ko_tables/TMAO/MMETSP0697_clean.csv,0,0,0,0,0,0
kofamscan/ko_tables/TMAO/MMETSP0228_clean.csv,0,0,0,0,0,1
kofamscan/ko_tables/TMAO/MMETSP0725_clean.csv,0,0,0,0,0,0
kofamscan/ko_tables/TMAO/MMETSP0492_clean.csv,0,0,0,0,0,0
kofamscan/ko_tables/TMAO/MMETSP1065_clean.csv,0,0,0,0,0,0
kofamscan/ko_tables/TMAO/MMETSP1006_clean.csv,0,0,0,0,0,0
kofamscan/ko_tables/TMAO/MMETSP0143_clean.csv,0,0,0,0,0,0
kofamscan/ko_tables/TMAO/MMETSP1033_clean.csv,0,0,0,0,0,0
kofamscan/ko_tables/TMAO/MMETSP0974_clean.csv,0,0,0,0,0,0
kofamscan/ko_tables/TMAO/MMETSP1147_clean.csv,0,0,0,0,0,0
kofamscan/ko_tables/TMAO/MMETSP1404_clean.csv,0,0,0,0,0,0
kofamscan/ko_tables/TMAO/MMETSP1048_clean.csv,0,0,0,0,0,0
kofamscan/ko_tables/TMAO/MMETSP0970_clean.csv,0,0,0,0,0,0
kofamscan/ko_tables/TMAO/MMETSP0747_clean.csv,0,0,0,0,0,0
kofamscan/ko_tables/TMAO/MMETSP0020_clean.csv,0,0,0,0,0,0
kofamscan/ko_tables/TMAO/MMETSP0019_clean.csv,0,0,0,0,0,0
kofamscan/ko_tables/TMAO/MMETSP0216_clean.csv,0,0,0,0,0,0
kofamscan/ko_tables/TMAO/MMETSP1170_clean.csv,0,0,0,0,0,0
kofamscan/ko_tables/TMAO/MMETSP0031_clean.csv,0,0,0,0,0,0
kofamscan/ko_tables/TMAO/MMETSP1328_clean.csv,0,0,0,0,0,0
kofamscan/ko_tables/TMAO/MMETSP1175_clean.csv,0,0,0,0,0,0
kofamscan/ko_tables/TMAO/MMETSP0985_clean.csv,0,0,0,0,0,0
kofamscan/ko_tables/TMAO/MMETSP0936_clean.csv,0,0,0,0,0,0
kofamscan/ko_tables/TMAO/MMETSP1129_clean.csv,0,0,0,0,0,0
kofamscan/ko_tables/TMAO/MMETSP1102_clean.csv,0,0,0,0,0,1
kofamscan/ko_tables/TMAO/MMETSP0232_clean.csv,0,0,0,0,0,0
kofamscan/ko_tables/TMAO/MMETSP0127_clean.csv,0,0,0,0,0,0
kofamscan/ko_tables/TMAO/MMETSP0491_clean.csv,0,0,0,0,0,0
kofamscan/ko_tables/TMAO/MMETSP0167_clean.csv,0,0,0,0,0,0
kofamscan/ko_tables/TMAO/MMETSP1335_clean.csv,0,0,0,0,0,0
kofamscan/ko_tables/TMAO/MMETSP0897_clean.csv,0,0,0,0,0,0
kofamscan/ko_tables/TMAO/MMETSP0708_clean.csv,0,0,0,0,0,0
kofamscan/ko_tables/TMAO/MMETSP0528_clean.csv,0,0,0,0,0,0
kofamscan/ko_tables/TMAO/MMETSP0101_clean.csv,0,0,0,0,0,1
kofamscan/ko_tables/TMAO/MMETSP0235_clean.csv,0,0,0,0,0,0
kofamscan/ko_tables/TMAO/MMETSP0196_clean.csv,0,0,0,0,0,0
kofamscan/ko_tables/TMAO/MMETSP0752_clean.csv,0,0,0,0,0,0
kofamscan/ko_tables/TMAO/MMETSP0948_clean.csv,0,0,0,0,0,0
kofamscan/ko_tables/TMAO/MMETSP0648_clean.csv,0,0,0,0,0,0
kofamscan/ko_tables/TMAO/MMETSP0905_clean.csv,0,0,0,0,0,0
kofamscan/ko_tables/TMAO/MMETSP1164_clean.csv,0,0,0,0,0,0
kofamscan/ko_tables/TMAO/MMETSP0190_clean.csv,0,0,0,0,0,0
kofamscan/ko_tables/TMAO/MMETSP0161_clean.csv,0,0,0,0,0,0
kofamscan/ko_tables/TMAO/MMETSP0090_clean.csv,0,0,0,0,0,0
kofamscan/ko_tables/TMAO/MMETSP0895_clean.csv,0,0,0,0,0,0
kofamscan/ko_tables/TMAO/MMETSP0946_clean.csv,0,0,0,0,0,0
kofamscan/ko_tables/TMAO/MMETSP0943_clean.csv,0,0,0,0,0,0
kofamscan/ko_tables/TMAO/MMETSP0439_clean.csv,0,0,0,0,0,0
kofamscan/ko_tables/TMAO/MMETSP0053_clean.csv,0,0,0,0,0,0
kofamscan/ko_tables/TMAO/MMETSP0030_clean.csv,0,0,0,0,0,0
kofamscan/ko_tables/TMAO/MMETSP0886_clean.csv,0,0,0,0,0,0
kofamscan/ko_tables/TMAO/MMETSP0735_clean.csv,0,0,0,0,0,0
kofamscan/ko_tables/TMAO/MMETSP1423_clean.csv,0,0,0,0,0,0
kofamscan/ko_tables/TMAO/MMETSP1356_clean.csv,0,0,0,0,0,0
kofamscan/ko_tables/TMAO/MMETSP1451_clean.csv,0,0,0,0,0,0
kofamscan/ko_tables/TMAO/MMETSP1334_clean.csv,0,0,0,0,0,0
kofamscan/ko_tables/TMAO/MMETSP1327_clean.csv,0,0,0,0,0,0
kofamscan/ko_tables/TMAO/MMETSP1116_clean.csv,0,0,0,0,0,0
kofamscan/ko_tables/TMAO/MMETSP0313_clean.csv,0,0,0,0,0,0
kofamscan/ko_tables/TMAO/MMETSP0580_clean.csv,0,0,0,0,0,0
kofamscan/ko_tables/TMAO/MMETSP0315_clean.csv,0,0,0,0,0,0
kofamscan/ko_tables/TMAO/MMETSP0958_clean.csv,0,0,0,0,0,0
kofamscan/ko_tables/TMAO/MMETSP0915_clean.csv,0,0,0,0,0,0
kofamscan/ko_tables/TMAO/MMETSP1167_clean.csv,0,0,0,0,0,0
kofamscan/ko_tables/TMAO/MMETSP1468_clean.csv,0,0,0,0,0,0
kofamscan/ko_tables/TMAO/MMETSP0806_clean.csv,0,0,0,0,0,0
kofamscan/ko_tables/TMAO/MMETSP0903_clean.csv,0,0,0,0,0,0
kofamscan/ko_tables/TMAO/MMETSP1391_clean.csv,0,0,0,0,0,0
kofamscan/ko_tables/TMAO/MMETSP1142_clean.csv,0,0,0,0,0,1
kofamscan/ko_tables/TMAO/MMETSP0369_clean.csv,0,0,0,0,0,0
kofamscan/ko_tables/TMAO/MMETSP0414_clean.csv,0,0,0,0,0,0
kofamscan/ko_tables/TMAO/MMETSP1138_clean.csv,0,0,0,0,0,0
kofamscan/ko_tables/TMAO/MMETSP0707_clean.csv,0,0,0,0,0,0
kofamscan/ko_tables/TMAO/MMETSP0314_clean.csv,0,0,0,0,0,0
kofamscan/ko_tables/TMAO/MMETSP1410_clean.csv,0,0,0,0,0,0
kofamscan/ko_tables/TMAO/MMETSP0152_clean.csv,0,0,0,0,0,0
kofamscan/ko_tables/TMAO/MMETSP0321_clean.csv,0,0,0,0,0,0
kofamscan/ko_tables/TMAO/MMETSP0201_clean.csv,0,0,0,0,0,0
kofamscan/ko_tables/TMAO/MMETSP0882_clean.csv,0,0,0,0,0,0
kofamscan/ko_tables/TMAO/MMETSP1456_clean.csv,0,0,0,0,0,0
kofamscan/ko_tables/TMAO/MMETSP0503_clean.csv,0,0,0,0,0,0
kofamscan/ko_tables/TMAO/MMETSP0158_clean.csv,0,0,0,0,0,1
kofamscan/ko_tables/TMAO/MMETSP0463_clean.csv,0,0,0,0,0,0
kofamscan/ko_tables/TMAO/MMETSP0804_clean.csv,0,0,0,0,0,0
kofamscan/ko_tables/TMAO/MMETSP1424_clean.csv,0,0,0,0,0,0
kofamscan/ko_tables/TMAO/MMETSP0325_clean.csv,0,0,0,0,0,0
kofamscan/ko_tables/TMAO/MMETSP1009_clean.csv,0,0,0,0,0,0
kofamscan/ko_tables/TMAO/MMETSP1094_clean.csv,0,0,0,0,0,1
kofamscan/ko_tables/TMAO/MMETSP0370_clean.csv,0,0,0,0,0,0
kofamscan/ko_tables/TMAO/MMETSP0405_clean.csv,0,0,0,0,0,0
kofamscan/ko_tables/TMAO/MMETSP0009_clean.csv,0,0,0,0,0,0
kofamscan/ko_tables/TMAO/MMETSP1034_clean.csv,0,0,0,0,0,0
kofamscan/ko_tables/TMAO/MMETSP0448_clean.csv,0,0,0,0,0,0
kofamscan/ko_tables/TMAO/MMETSP0982_clean.csv,0,0,0,0,0,0
kofamscan/ko_tables/TMAO/MMETSP0758_clean.csv,0,0,0,0,0,0
kofamscan/ko_tables/TMAO/MMETSP1084_clean.csv,0,0,0,0,0,0
kofamscan/ko_tables/TMAO/MMETSP1339_clean.csv,0,0,0,0,0,0
kofamscan/ko_tables/TMAO/MMETSP0164_clean.csv,0,0,0,0,0,0
kofamscan/ko_tables/TMAO/MMETSP0740_clean.csv,0,0,0,0,0,0
kofamscan/ko_tables/TMAO/MMETSP0268_clean.csv,0,0,0,0,0,0
kofamscan/ko_tables/TMAO/MMETSP1309_clean.csv,0,0,0,0,0,0
kofamscan/ko_tables/TMAO/MMETSP0287_clean.csv,0,0,0,0,0,1
kofamscan/ko_tables/TMAO/MMETSP0884_clean.csv,0,0,0,0,0,0
kofamscan/ko_tables/TMAO/MMETSP1163_clean.csv,0,0,0,0,0,0
kofamscan/ko_tables/TMAO/MMETSP0997_clean.csv,0,0,0,0,0,0
kofamscan/ko_tables/TMAO/MMETSP1136_clean.csv,0,0,0,0,0,0
kofamscan/ko_tables/TMAO/MMETSP0384_clean.csv,0,0,0,0,0,0
kofamscan/ko_tables/TMAO/MMETSP0989_clean.csv,0,0,0,0,0,0
kofamscan/ko_tables/TMAO/MMETSP0191_clean.csv,0,0,0,0,0,0
kofamscan/ko_tables/TMAO/MMETSP0043_clean.csv,0,0,0,0,0,0
kofamscan/ko_tables/TMAO/MMETSP1124_clean.csv,0,0,0,0,0,0
kofamscan/ko_tables/TMAO/MMETSP1311_clean.csv,0,0,0,0,0,0
kofamscan/ko_tables/TMAO/MMETSP0319_clean.csv,0,0,0,0,0,0
kofamscan/ko_tables/TMAO/MMETSP0045_clean.csv,0,0,0,0,0,0
kofamscan/ko_tables/TMAO/MMETSP1166_clean.csv,0,0,0,0,0,0
kofamscan/ko_tables/TMAO/MMETSP1440_clean.csv,0,0,0,0,0,0
kofamscan/ko_tables/TMAO/MMETSP1071_clean.csv,0,0,0,0,0,0
kofamscan/ko_tables/TMAO/MMETSP0850_clean.csv,0,0,0,0,0,0
kofamscan/ko_tables/TMAO/MMETSP0113_clean.csv,0,0,0,0,0,1
kofamscan/ko_tables/TMAO/MMETSP1180_clean.csv,0,0,0,0,0,0
kofamscan/ko_tables/TMAO/MMETSP0103_clean.csv,0,0,0,0,0,1
kofamscan/ko_tables/TMAO/MMETSP0126_clean.csv,0,0,0,0,0,0
kofamscan/ko_tables/TMAO/MMETSP1354_clean.csv,0,0,0,0,0,0
kofamscan/ko_tables/TMAO/MMETSP0468_clean.csv,0,0,0,0,0,0
kofamscan/ko_tables/TMAO/MMETSP0954_clean.csv,0,0,0,0,0,0
kofamscan/ko_tables/TMAO/MMETSP1054_clean.csv,0,0,0,0,0,1
kofamscan/ko_tables/TMAO/MMETSP0397_clean.csv,0,0,0,0,0,0
kofamscan/ko_tables/TMAO/MMETSP1122_clean.csv,0,0,0,0,0,0
kofamscan/ko_tables/TMAO/MMETSP1320_clean.csv,0,0,0,0,0,0
kofamscan/ko_tables/TMAO/MMETSP1081_clean.csv,0,0,0,0,0,0
kofamscan/ko_tables/TMAO/MMETSP0206_clean.csv,0,0,0,0,0,0
kofamscan/ko_tables/TMAO/MMETSP0039_clean.csv,0,0,0,0,0,1
kofamscan/ko_tables/TMAO/MMETSP0815_clean.csv,0,0,0,0,0,0
kofamscan/ko_tables/TMAO/MMETSP0040_clean.csv,0,0,0,0,0,0
kofamscan/ko_tables/TMAO/MMETSP0359_clean.csv,0,0,0,0,0,0
kofamscan/ko_tables/TMAO/MMETSP0784_clean.csv,0,0,0,0,0,0
kofamscan/ko_tables/TMAO/MMETSP0223_clean.csv,0,0,0,0,0,0
kofamscan/ko_tables/TMAO/MMETSP1386_clean.csv,0,0,0,0,0,0
kofamscan/ko_tables/TMAO/MMETSP0785_clean.csv,0,0,0,0,0,0
kofamscan/ko_tables/TMAO/MMETSP0892_clean.csv,0,0,0,0,0,0
kofamscan/ko_tables/TMAO/MMETSP1393_clean.csv,0,0,0,0,0,0
kofamscan/ko_tables/TMAO/MMETSP0945_clean.csv,0,0,0,0,0,0
kofamscan/ko_tables/TMAO/MMETSP1075_clean.csv,0,0,0,0,0,0
kofamscan/ko_tables/TMAO/MMETSP1131_clean.csv,0,0,0,0,0,0
kofamscan/ko_tables/TMAO/MMETSP0327_clean.csv,0,0,0,0,0,0
kofamscan/ko_tables/TMAO/MMETSP1325_clean.csv,0,0,0,0,0,0
kofamscan/ko_tables/TMAO/MMETSP1428_clean.csv,0,0,0,0,0,0
kofamscan/ko_tables/TMAO/MMETSP0225_clean.csv,0,0,0,0,0,0
kofamscan/ko_tables/TMAO/MMETSP0329_clean.csv,0,0,0,0,0,0
kofamscan/ko_tables/TMAO/MMETSP1162_clean.csv,0,0,0,0,0,0
kofamscan/ko_tables/TMAO/MMETSP0739_clean.csv,0,0,0,0,0,0
kofamscan/ko_tables/TMAO/MMETSP0416_clean.csv,0,0,0,0,0,0
kofamscan/ko_tables/TMAO/MMETSP1347_clean.csv,0,0,0,0,0,0
kofamscan/ko_tables/TMAO/MMETSP0205_clean.csv,0,0,0,0,0,0
kofamscan/ko_tables/TMAO/MMETSP1414_clean.csv,0,0,0,0,0,0
kofamscan/ko_tables/TMAO/MMETSP0888_clean.csv,0,0,0,0,0,0
kofamscan/ko_tables/TMAO/MMETSP0052_clean.csv,0,0,0,0,0,0
kofamscan/ko_tables/TMAO/MMETSP0018_clean.csv,0,0,0,0,0,0
kofamscan/ko_tables/TMAO/MMETSP0008_clean.csv,0,0,0,0,0,0
kofamscan/ko_tables/TMAO/MMETSP1346_clean.csv,0,0,0,0,0,0
kofamscan/ko_tables/TMAO/MMETSP0233_clean.csv,0,0,0,0,0,0
kofamscan/ko_tables/TMAO/MMETSP0118_clean.csv,0,0,0,0,0,0
kofamscan/ko_tables/TMAO/MMETSP1141_clean.csv,0,0,0,0,0,1
kofamscan/ko_tables/TMAO/MMETSP0208_clean.csv,0,0,0,0,0,0
kofamscan/ko_tables/TMAO/MMETSP0883_clean.csv,0,0,0,0,0,0
kofamscan/ko_tables/TMAO/MMETSP0918_clean.csv,0,0,0,0,0,0
kofamscan/ko_tables/TMAO/MMETSP1015_clean.csv,0,0,0,0,0,1
kofamscan/ko_tables/TMAO/MMETSP0147_clean.csv,0,0,0,0,0,0
kofamscan/ko_tables/TMAO/MMETSP0959_clean.csv,0,0,0,0,0,0
kofamscan/ko_tables/TMAO/MMETSP1067_clean.csv,0,0,0,0,0,0
kofamscan/ko_tables/TMAO/MMETSP1091_clean.csv,0,0,0,0,0,0
kofamscan/ko_tables/TMAO/MMETSP0013_clean.csv,0,0,0,0,0,0
kofamscan/ko_tables/TMAO/MMETSP1385_clean.csv,0,0,0,0,0,0
kofamscan/ko_tables/TMAO/MMETSP0253_clean.csv,0,0,0,0,0,1
kofamscan/ko_tables/TMAO/MMETSP1139_clean.csv,0,0,0,0,0,0
kofamscan/ko_tables/TMAO/MMETSP1348_clean.csv,0,0,0,0,0,0
kofamscan/ko_tables/TMAO/MMETSP0995_clean.csv,0,0,0,0,0,0
kofamscan/ko_tables/TMAO/MMETSP0420_clean.csv,0,0,0,0,0,0
kofamscan/ko_tables/TMAO/MMETSP0324_clean.csv,0,0,0,0,0,0
kofamscan/ko_tables/TMAO/MMETSP1318_clean.csv,0,0,0,0,0,0
kofamscan/ko_tables/TMAO/MMETSP1453_clean.csv,0,0,0,0,0,0
kofamscan/ko_tables/TMAO/MMETSP1037_clean.csv,0,0,0,0,0,0
kofamscan/ko_tables/TMAO/MMETSP1085_clean.csv,0,0,0,0,0,0
kofamscan/ko_tables/TMAO/MMETSP0119_clean.csv,0,0,0,0,0,0
kofamscan/ko_tables/TMAO/MMETSP1060_clean.csv,0,0,0,0,0,0
kofamscan/ko_tables/TMAO/MMETSP0447_clean.csv,0,0,0,0,0,0
kofamscan/ko_tables/TMAO/MMETSP0906_clean.csv,0,0,0,0,0,0
kofamscan/ko_tables/TMAO/MMETSP0937_clean.csv,0,0,0,0,0,0
kofamscan/ko_tables/TMAO/MMETSP0146_clean.csv,0,0,0,0,0,0
kofamscan/ko_tables/TMAO/MMETSP0367_clean.csv,0,0,0,0,0,0
kofamscan/ko_tables/TMAO/MMETSP0885_clean.csv,0,0,0,0,0,0
kofamscan/ko_tables/TMAO/MMETSP1358_clean.csv,0,0,0,0,0,1
kofamscan/ko_tables/TMAO/MMETSP0745_clean.csv,0,0,0,0,0,0
kofamscan/ko_tables/TMAO/MMETSP0975_clean.csv,0,0,0,0,0,0
kofamscan/ko_tables/TMAO/MMETSP0754_clean.csv,0,0,0,0,0,0
kofamscan/ko_tables/TMAO/MMETSP0224_clean.csv,0,0,0,0,0,0
kofamscan/ko_tables/TMAO/MMETSP0965_clean.csv,0,0,0,0,0,0
kofamscan/ko_tables/TMAO/MMETSP0186_clean.csv,0,0,0,0,0,0
kofamscan/ko_tables/TMAO/MMETSP1470_clean.csv,0,0,0,0,0,0
kofamscan/ko_tables/TMAO/MMETSP0913_clean.csv,0,0,0,0,0,0
kofamscan/ko_tables/TMAO/MMETSP0437_clean.csv,0,0,0,0,0,0
kofamscan/ko_tables/TMAO/MMETSP0102_clean.csv,0,0,0,0,0,0
kofamscan/ko_tables/TMAO/MMETSP1103_clean.csv,0,0,0,0,0,1
kofamscan/ko_tables/TMAO/MMETSP0689_clean.csv,0,0,0,0,0,0
kofamscan/ko_tables/TMAO/MMETSP0436_clean.csv,0,0,0,0,0,0
kofamscan/ko_tables/TMAO/MMETSP0055_clean.csv,0,0,0,0,0,0
kofamscan/ko_tables/TMAO/MMETSP1126_clean.csv,0,0,0,0,0,0
kofamscan/ko_tables/TMAO/MMETSP0992_clean.csv,0,0,0,0,0,1
kofamscan/ko_tables/TMAO/MMETSP0451_clean.csv,0,0,0,0,0,0
kofamscan/ko_tables/TMAO/MMETSP0996_clean.csv,0,0,0,0,0,0
kofamscan/ko_tables/TMAO/MMETSP1460_clean.csv,0,0,0,0,0,0
kofamscan/ko_tables/TMAO/MMETSP0853_clean.csv,0,0,0,0,0,0
kofamscan/ko_tables/TMAO/MMETSP0296_clean.csv,0,0,0,0,0,0
kofamscan/ko_tables/TMAO/MMETSP0977_clean.csv,0,0,0,0,0,0
kofamscan/ko_tables/TMAO/MMETSP0809_clean.csv,0,0,0,0,0,0
kofamscan/ko_tables/TMAO/MMETSP0851_clean.csv,0,0,0,0,0,0
kofamscan/ko_tables/TMAO/MMETSP1317_clean.csv,0,0,0,0,0,0
kofamscan/ko_tables/TMAO/MMETSP0034_clean.csv,0,0,0,0,0,0
kofamscan/ko_tables/TMAO/MMETSP1001_clean.csv,0,0,0,0,0,0
kofamscan/ko_tables/TMAO/MMETSP0649_clean.csv,0,0,0,0,0,0
kofamscan/ko_tables/TMAO/MMETSP0269_clean.csv,0,0,0,0,0,0
kofamscan/ko_tables/TMAO/MMETSP0168_clean.csv,0,0,0,0,0,0
kofamscan/ko_tables/TMAO/MMETSP1392_clean.csv,0,0,0,0,0,0
kofamscan/ko_tables/TMAO/MMETSP0361_clean.csv,0,0,0,0,0,0
kofamscan/ko_tables/TMAO/MMETSP1008_clean.csv,0,0,0,0,0,0
kofamscan/ko_tables/TMAO/MMETSP0494_clean.csv,0,0,0,0,0,0
kofamscan/ko_tables/TMAO/MMETSP0563_clean.csv,0,0,0,0,0,0
kofamscan/ko_tables/TMAO/MMETSP1344_clean.csv,0,0,0,0,0,1
kofamscan/ko_tables/TMAO/MMETSP0917_clean.csv,0,0,0,0,0,0
kofamscan/ko_tables/TMAO/MMETSP1017_clean.csv,0,0,0,0,0,1
kofamscan/ko_tables/TMAO/MMETSP0902_clean.csv,0,0,0,0,0,0
kofamscan/ko_tables/TMAO/MMETSP0933_clean.csv,0,0,0,0,0,0
kofamscan/ko_tables/TMAO/MMETSP0290_clean.csv,0,0,0,0,0,0
kofamscan/ko_tables/TMAO/MMETSP1475_clean.csv,0,0,0,0,0,0
kofamscan/ko_tables/TMAO/MMETSP0042_clean.csv,0,0,0,0,0,0
kofamscan/ko_tables/TMAO/MMETSP0604_clean.csv,0,0,0,0,0,0
kofamscan/ko_tables/TMAO/MMETSP0292_clean.csv,0,0,0,0,0,0
kofamscan/ko_tables/TMAO/MMETSP0017_clean.csv,0,0,0,0,0,0
kofamscan/ko_tables/TMAO/MMETSP0961_clean.csv,0,0,0,0,0,0
kofamscan/ko_tables/TMAO/MMETSP0213_clean.csv,0,0,0,0,0,0
kofamscan/ko_tables/TMAO/MMETSP0005_clean.csv,0,0,0,0,0,1
kofamscan/ko_tables/TMAO/MMETSP1082_clean.csv,0,0,0,0,0,0
kofamscan/ko_tables/TMAO/MMETSP1110_clean.csv,0,0,0,0,0,0
kofamscan/ko_tables/TMAO/MMETSP0154_clean.csv,0,0,0,0,0,0
kofamscan/ko_tables/TMAO/MMETSP0713_clean.csv,0,0,0,0,0,0
kofamscan/ko_tables/TMAO/MMETSP1036_clean.csv,0,0,0,0,0,0
kofamscan/ko_tables/TMAO/MMETSP1062_clean.csv,0,0,0,0,0,0
kofamscan/ko_tables/TMAO/MMETSP1467_clean.csv,0,0,0,0,0,0
kofamscan/ko_tables/TMAO/MMETSP1068_clean.csv,0,0,0,0,0,0
kofamscan/ko_tables/TMAO/MMETSP0890_clean.csv,0,0,0,0,0,0
kofamscan/ko_tables/TMAO/MMETSP1387_clean.csv,0,0,0,0,0,0
kofamscan/ko_tables/TMAO/MMETSP1355_clean.csv,0,0,0,0,0,0
kofamscan/ko_tables/TMAO/MMETSP1059_clean.csv,0,0,0,0,0,0
kofamscan/ko_tables/TMAO/MMETSP1438_clean.csv,0,0,0,0,0,0
kofamscan/ko_tables/TMAO/MMETSP1409_clean.csv,0,0,0,0,0,0
kofamscan/ko_tables/TMAO/MMETSP0786_clean.csv,0,0,0,0,0,0
kofamscan/ko_tables/TMAO/MMETSP0744_clean.csv,0,0,0,0,0,0
kofamscan/ko_tables/TMAO/MMETSP1132_clean.csv,0,0,0,0,0,0
kofamscan/ko_tables/TMAO/MMETSP1471_clean.csv,0,0,0,0,0,0
kofamscan/ko_tables/TMAO/MMETSP0493_clean.csv,0,0,0,0,0,0
kofamscan/ko_tables/TMAO/MMETSP0038_clean.csv,0,0,0,0,0,1
kofamscan/ko_tables/TMAO/MMETSP1086_clean.csv,0,0,0,0,0,0
kofamscan/ko_tables/TMAO/MMETSP1338_clean.csv,0,0,0,0,0,1
kofamscan/ko_tables/TMAO/MMETSP0819_clean.csv,0,0,0,0,0,0
kofamscan/ko_tables/TMAO/MMETSP1446_clean.csv,0,0,0,0,0,0
kofamscan/ko_tables/TMAO/MMETSP0947_clean.csv,0,0,0,0,0,0
kofamscan/ko_tables/TMAO/MMETSP0097_clean.csv,0,0,0,0,0,0
kofamscan/ko_tables/TMAO/MMETSP1444_clean.csv,0,0,0,0,0,0
kofamscan/ko_tables/TMAO/MMETSP1160_clean.csv,0,0,0,0,0,0
kofamscan/ko_tables/TMAO/MMETSP0929_clean.csv,0,0,0,0,0,0
kofamscan/ko_tables/TMAO/MMETSP0270_clean.csv,0,0,0,0,0,1
kofamscan/ko_tables/TMAO/MMETSP0964_clean.csv,0,0,0,0,0,0
kofamscan/ko_tables/TMAO/MMETSP1449_clean.csv,0,0,0,0,0,0
kofamscan/ko_tables/TMAO/MMETSP1039_clean.csv,0,0,0,0,0,0
kofamscan/ko_tables/TMAO/MMETSP0799_clean.csv,0,0,0,0,0,1
kofamscan/ko_tables/TMAO/MMETSP1322_clean.csv,0,0,0,0,0,0
kofamscan/ko_tables/TMAO/MMETSP0176_clean.csv,0,0,0,0,0,0
kofamscan/ko_tables/TMAO/MMETSP0800_clean.csv,0,0,0,0,0,1
kofamscan/ko_tables/TMAO/MMETSP0986_clean.csv,0,0,0,0,0,0
kofamscan/ko_tables/TMAO/MMETSP0470_clean.csv,0,0,0,0,0,0
kofamscan/ko_tables/TMAO/MMETSP0984_clean.csv,0,0,0,0,0,0
kofamscan/ko_tables/TMAO/MMETSP0880_clean.csv,0,0,0,0,0,0
kofamscan/ko_tables/TMAO/MMETSP0932_clean.csv,0,0,0,0,0,0
kofamscan/ko_tables/TMAO/MMETSP0794_clean.csv,0,0,0,0,0,0
kofamscan/ko_tables/TMAO/MMETSP0059_clean.csv,0,0,0,0,0,0
kofamscan/ko_tables/TMAO/MMETSP1114_clean.csv,0,0,0,0,0,0
kofamscan/ko_tables/TMAO/MMETSP1472_clean.csv,0,0,0,0,0,0
kofamscan/ko_tables/TMAO/MMETSP1154_clean.csv,0,0,0,0,0,0
kofamscan/ko_tables/TMAO/MMETSP1159_clean.csv,0,0,0,0,0,0
kofamscan/ko_tables/TMAO/MMETSP1005_clean.csv,0,0,0,0,0,0
kofamscan/ko_tables/TMAO/MMETSP1336_clean.csv,0,0,0,0,0,0
kofamscan/ko_tables/TMAO/MMETSP0104_clean.csv,0,0,0,0,0,1
kofamscan/ko_tables/TMAO/MMETSP1436_clean.csv,0,0,0,0,0,0
kofamscan/ko_tables/TMAO/MMETSP1090_clean.csv,0,0,0,0,0,0
kofamscan/ko_tables/TMAO/MMETSP0198_clean.csv,0,0,0,0,0,0
kofamscan/ko_tables/TMAO/MMETSP0210_clean.csv,0,0,0,0,0,0
kofamscan/ko_tables/TMAO/MMETSP1150_clean.csv,0,0,0,0,0,0
kofamscan/ko_tables/TMAO/MMETSP1312_clean.csv,0,0,0,0,0,0
kofamscan/ko_tables/TMAO/MMETSP0112_clean.csv,0,0,0,0,0,0
kofamscan/ko_tables/TMAO/MMETSP0360_clean.csv,0,0,0,0,0,0
kofamscan/ko_tables/TMAO/MMETSP0419_clean.csv,0,0,0,0,0,0
kofamscan/ko_tables/TMAO/MMETSP0099_clean.csv,0,0,0,0,0,0
kofamscan/ko_tables/TMAO/MMETSP0960_clean.csv,0,0,0,0,0,0
kofamscan/ko_tables/TMAO/MMETSP1442_clean.csv,0,0,0,0,0,0
kofamscan/ko_tables/TMAO/MMETSP0173_clean.csv,0,0,0,0,0,0
kofamscan/ko_tables/TMAO/MMETSP1450_clean.csv,0,0,0,0,0,0
kofamscan/ko_tables/TMAO/MMETSP0322_clean.csv,0,0,0,0,0,0
kofamscan/ko_tables/TMAO/MMETSP0578_clean.csv,0,0,0,0,0,0
kofamscan/ko_tables/TMAO/MMETSP0810_clean.csv,0,0,0,0,0,0
kofamscan/ko_tables/TMAO/MMETSP0372_clean.csv,0,0,0,0,0,0
kofamscan/ko_tables/TMAO/MMETSP1061_clean.csv,0,0,0,0,0,0
kofamscan/ko_tables/TMAO/MMETSP1130_clean.csv,0,0,0,0,0,0
kofamscan/ko_tables/TMAO/MMETSP0063_clean.csv,0,0,0,0,0,0
kofamscan/ko_tables/TMAO/MMETSP1466_clean.csv,0,0,0,0,0,0
kofamscan/ko_tables/TMAO/MMETSP0323_clean.csv,0,0,0,0,0,0
kofamscan/ko_tables/TMAO/MMETSP1050_clean.csv,0,0,0,0,0,0
kofamscan/ko_tables/TMAO/MMETSP1101_clean.csv,0,0,0,0,0,0
kofamscan/ko_tables/TMAO/MMETSP0312_clean.csv,0,0,0,0,0,0
kofamscan/ko_tables/TMAO/MMETSP0889_clean.csv,0,0,0,0,0,0
kofamscan/ko_tables/TMAO/MMETSP0007_clean.csv,0,0,0,0,0,0
kofamscan/ko_tables/TMAO/MMETSP0271_clean.csv,0,0,0,0,0,1
kofamscan/ko_tables/TMAO/MMETSP1052_clean.csv,0,0,0,0,0,0
kofamscan/ko_tables/TMAO/MMETSP0737_clean.csv,0,0,0,0,0,0
kofamscan/ko_tables/TMAO/MMETSP0286_clean.csv,0,0,0,0,0,0
kofamscan/ko_tables/TMAO/MMETSP1125_clean.csv,0,0,0,0,0,0
kofamscan/ko_tables/TMAO/MMETSP0894_clean.csv,0,0,0,0,0,0
kofamscan/ko_tables/TMAO/MMETSP0699_clean.csv,0,0,0,0,0,0
kofamscan/ko_tables/TMAO/MMETSP0058_clean.csv,0,0,0,0,0,0
kofamscan/ko_tables/TMAO/MMETSP0696_clean.csv,0,0,0,0,0,0
kofamscan/ko_tables/TMAO/MMETSP1019_clean.csv,0,0,0,0,0,0
kofamscan/ko_tables/TMAO/MMETSP0093_clean.csv,0,0,0,0,0,0
kofamscan/ko_tables/TMAO/MMETSP1433_clean.csv,0,0,0,0,0,0
kofamscan/ko_tables/TMAO/MMETSP0736_clean.csv,0,0,0,0,0,0
kofamscan/ko_tables/TMAO/MMETSP0418_clean.csv,0,0,0,0,0,0
